nom_apporteur,email_apporteur,adresse_apporteur,contact_apporteur,code_apporteur,code_postal
spHQZugA,uWbfeBUz@CyLXz.com,YYZnYEFunqXcTCz,3439525702,GmBEE,68360
ynpsymJv,qWeZUxoI@uWRgJ.com,yFzGNAXiXaxMeeF,9664913063,SKgAI,13343
blhtUzUg,SKALyWHP@rMdpc.com,EfwpeUpYizEIzuG,5590947471,nmfuV,11295
DAiwhoqC,TeXWXUfF@KZnPa.com,cAMDcbAdHKOjaFF,8067364873,rDdFi,59443
BIszjroi,lKCKXiSg@KrQiD.com,NhIESObRqJMuDLW,9807157197,QhjXZ,97667
zjoQQViE,UDVpbCaG@KtfLh.com,wbPlsoQWAAbUZtZ,6694418030,mefLb,93889
dgfmAuji,lEkbPbwQ@Cfyjg.com,fGOsctyCMWBBjEs,9695059459,wHzeq,89078
EFlYoaWS,gsHKefYs@upmxp.com,ymetZTTmgxHlofl,4023046409,uxTOl,52016
HOUFbSWp,ADoJwWFA@zvXNP.com,ZzTwumjpmjGjutF,6410203764,WzpcD,72461
QlhKwtky,PWvLoHcX@CaRiN.com,HbyrhKMplhGAsoN,1076072307,QoneA,21894
tApFDzTF,nCZiQmJg@svmmz.com,rtZdgPBMOLpxQRS,3639219241,LoTMq,64986
rdjmXOXs,mcCOUUcW@oSGyD.com,rwVsfVOMuVVfAew,6967893929,DkHjk,35846
NNPHucvO,FBpdmtNc@SVITb.com,NRLnHGQTfuDXAHd,2013273985,KmzjV,73406
KuYoLCSm,qxOvGmAC@bwVHQ.com,RujIzGxlTcvObTY,3988445394,NBuOs,04495
ByAokJfR,DUMrVnrH@wxuKk.com,FtRfrjRyhgQtqon,7511730616,FeKxW,26208
kTHbPcHL,wFhCPyJk@IwjUF.com,GfOmpRalmklGnLZ,1319556286,XbBTz,79529
yzuntEPR,TbUnzjSY@xmVxJ.com,jgCKXLXtGuDeEMo,8959857210,LyOaR,32440
gCiDKIEV,EnHvDpNr@syTsT.com,jmHkmfukYYVPEjp,1065694311,yldav,72359
YxvgUzww,xWoeDtAf@VJioU.com,boiiDbdxFqQeJWe,5985749274,cFcTn,84461
KKNINsQp,gkQyegSc@IXpdz.com,yoZQhxBUPwsSaes,4969096292,BoaGz,70483
rRsYkYzf,rPSmFVer@itehh.com,miiMdCTtHJhcODX,3821651739,fhGGg,06665
KFgGXrYX,QkYeKCki@OqVQk.com,djyCcboFeivrfaN,7138557756,FjBmK,63842
eOSVuhtb,IcoWdypY@eilgY.com,ZlOrBaeggHhwzqU,3276371005,NNSmw,35743
bZbZFvFf,XVZVitNq@BtSkB.com,UwotFcvQgXzVHmr,7096078580,yVroJ,65013
WPunmvTr,ioyhLgfO@YxHdo.com,BZpycpFMpOrRHIH,4390229019,NXATU,26273
bIYimUds,TbhBEECl@LDYUp.com,mBJmvpZmuIAeMBv,1690079950,yATGA,16684
eGhXnCIw,VsVEZVVy@UBJVl.com,nYznZOPBaTYXqCB,3787480013,bHqIY,97256
iSYwZaQJ,phapPfhe@mIIPR.com,MrwxGUfmJxPKtpJ,7689414352,fYQNU,70830
BnlTfInm,PvbHBIYc@RtzTA.com,QbytmhTYVbCTkRv,0936389671,RzUWx,39951
JuukPNhZ,BDWUAqUy@ulNwa.com,PNfOvfInQTwTeLd,0027871364,ghppa,81110
JeWSNSNj,vYnyRnHC@pkmTi.com,GxFNweLgjlHrLSt,2896710722,gIkiq,89611
McEQmUYI,BcrYePub@okWCI.com,IzGnYiwtBsQFotb,1020404431,quEOM,98508
PzlvcaVn,mxjrVVJt@nQNIq.com,LkQncirPbMgNWwM,8583282578,AtepA,29790
NUhMkkeU,UZyyeeEn@dOOiu.com,glSqWouEwfeFUCR,6186126853,UltLE,89222
gJjkoYoQ,fHAZSXZr@mpjTM.com,gkHGruFadcArEaq,2915945705,fEduD,02901
fpuZCqlv,XQNBrRnz@kXeNs.com,MWflKKRGDkEPHRt,0790448411,nrEyC,62708
BBnjzafg,yKLhEhCH@YRepE.com,rhuSiwXhbdetUak,1836770023,hPtGO,52794
EdSlDNnR,dhTWBHHN@nCldW.com,tKUfqltAWkGDave,8993842807,dznjm,13409
nNSqQAXh,udZTtZrI@BRlAA.com,vvDzxPdaLmZSsrs,4176160822,jhWkz,31909
QviENbsB,bNDJpdBU@nSTBr.com,nfUlZbdbewWJFQW,0041063342,fXmIs,16992
gUgIqKbH,XeNZsIcv@jWuZh.com,ulaCRIWntwdURiD,3984127770,wcZbn,08116
TNyhWYiW,JlZmbyiD@qiZDn.com,LDoBqkHpxnlkWUM,9798921591,nKjnB,65979
ZXISspad,FYcPQHqU@CPDgZ.com,UOJCryWGeRSzApH,5005606013,xvRRF,40724
DgaSrsIi,IItRkSMB@XLTYn.com,NSLkjTsJHQOchRQ,5338404731,PmqJz,51164
aOQhRvfE,XHvStRlZ@VlWpJ.com,XJhbsGyMQGlQiqd,9512192468,VEBNp,35151
wrjrZjgK,jYyAXKvx@LsLnY.com,dwVmDCDucLGQzAg,5608835012,aZNkk,18513
JqdHBfIX,GdSHgpye@dHkIQ.com,RXhqeAZdUriduEM,2245020937,VafvP,20079
XsBIcxFl,cjDsClwY@SCMtE.com,QZPYZpEKTHyofFF,3034934455,AcMSR,28650
KVqtkXDA,KwQYIqIm@aqfOu.com,tkcufvFjQdOGcjh,3934737364,QhTXZ,41962
uGAzgkiY,tiPREReh@VCkuE.com,gYaBQZUHmPfItoM,6231401233,nlcMn,66339
cpAFXMSi,QbzesRzg@VyDBZ.com,cILBBPXwVOMPutX,6264720748,QufkE,26629
RlZxqRua,xSxmAcNJ@xmyfI.com,fXNvUqQwmTkHJrE,3288458046,hihfs,66991
AiiWuedH,DiRktSAw@MzwPr.com,VFdptqjaDRXbtlr,0443466950,IKxfZ,11099
dyJbwkXk,HihEnatn@hUSfV.com,BGxGFDjXtxivEOR,4539321630,enYiw,94118
xxezchIZ,iZCxMPnA@bvfcW.com,jIAcYMqPluwaGUi,5850988830,mTGZN,40156
YIzorfRA,lomeMjub@QvjUH.com,SWTlqlWYPqkrDKH,8319926000,oNclI,16794
AJDFFnjf,crxAtwTK@YFmgA.com,LvlHxIuSQfoRaIF,6743398914,ZIdOa,51964
CfpOalCQ,InVaOTTt@MUJGz.com,aiPtPvMRDFZldiE,5325034863,DxudN,51942
tSEFIIuk,DCSKiFiu@DkLYq.com,kyYVLkAgALomRsY,4640868900,pdlKH,38619
EXNaYEPD,GwHiStBH@GUTwA.com,hRyVjxcccIRZfRH,2880936965,txMTw,88681
YNPyufTW,iYgmLmph@rAqQq.com,kdMpDpuDAkjGPNl,6057400342,rAMKb,34701
qlYsWQTw,NRGEerHn@rYlTa.com,JsJxDzylmooAMmP,1226984103,fvCJA,58490
ynocimiG,YgyyVciL@UYGiK.com,LfAZWAdamqjCQGv,3881501729,aLGJZ,81107
xXoUJtgZ,EuRlONQf@CqTWA.com,jXZkBRsIQDSBZqk,7678838687,XZfeZ,97364
enoxdapw,JKeuzbsn@hCiJx.com,RAUpRNnjHFBcwab,7183898565,eTXWP,45904
clYAzYLP,IBILBWMp@sIifH.com,dlxdgNoikacqqSG,5924461032,TIzSa,56059
wCyNhXdh,EIdaUdnT@wVeCz.com,thYGcDxveFZNRsW,9846970908,IQQhM,71127
wAJgukgZ,TWRBcpkt@QgHqG.com,RgCKdNoBrWlsVBV,4255488158,uAHpk,14532
CsLUIGcn,RZBXYMjA@sLgxM.com,OefIFyTepiCJJtn,1200842491,hoXKf,03321
CvCDYlId,WWmeAXGl@pMnhu.com,TVVVsMyjkGfgCAf,5200372900,vsqLf,24775
qXemNZWG,hvqrmipW@NDiVB.com,PDinGWlMYSNlJsf,6220696594,lSxvA,92192
NlwOITkQ,UGohkuQn@BGGfb.com,xvJoNHpkxJZKxvk,2968071611,GQYPB,11453
mBwqSzVg,USdgptUe@GWGDT.com,NhCmWMkFYmlmFBR,5346365301,QRPdp,54379
kIDzuIyY,bzXXYAQU@CDyQz.com,LRcktBHnXnOmyrV,1739243186,nMVie,23629
DWqXxsXr,TVeZABUG@EanJo.com,YUmyEIaBXmChzrp,4041514820,PsIZR,41160
tcLqMPGW,AgzVETuS@ddllC.com,IRjBNqlxkWLhoHq,9455382445,ZbBFg,52943
EAgUGbyp,OaAFPCPb@DPfID.com,OAwAdpweKfQPNnY,9575661059,LvwvK,03585
JLOAamzj,hQWFHyvU@pcwbs.com,GQtCRCidYyOvinS,1711577855,etgjm,66235
iAjssHLP,bpkIKSWM@jlBSJ.com,pMInxyKeCIzByfq,5303670984,ssUnC,42236
jRNcsUak,HFmcXczZ@yhwiQ.com,WBwqEbjfXzijttV,4411788480,twUHP,34094
DDqCsaab,XuSOlUGx@YAbhZ.com,OQrrmrWdujzeZcx,4568674752,nsVMj,47349
ArMhdjCQ,PbkcDIWQ@SiNPS.com,vBkdZErZSdhUzLs,0383781336,hgTRl,80812
hiBbojho,cgGNXFkB@ewnXL.com,KDBSATtGngAEVsv,7944177944,EuBYi,33561
UrWWtTTq,FUMFbKMd@dwFYV.com,SMYEvwYVEMhJhaJ,3946833779,nPNSM,28657
BTUyXtqw,giEbIpjp@JwmOQ.com,eGkfMYbRuwFRXYj,6178303004,Yuzpz,74430
oaYeEpqR,qeLzVYGp@gEczK.com,WzXgTJzSqzDCDdK,2027567317,CCVqV,82450
hseVzqxf,lBUpemwz@mGdFn.com,wChePQiZXoAKdWX,8783494025,gPSty,21091
ysxRYvgT,xuGROHOx@VAHgO.com,pjwshJqhiQyUfJf,7087231361,fdLVT,57498
vBLNoKEc,ghGsbIWO@nqdSF.com,CdqYPOCDnpxtdKQ,2175543584,mNDxX,61321
ctRrSDzE,QKQHdSWo@ShhlV.com,ubCFXRpUPyScwpd,9866928764,KIrXy,08369
ZQPWRVmF,GoYUZZyM@bSDUR.com,NFSgLIAmzswCwHk,9002229573,iNEzv,11349
qeOdVFYL,SuIJBils@vWZpe.com,HQisruChMQuGLgc,4845758833,NVJES,80370
FqlxDKtm,zrzoucDc@AmnWu.com,UZbuAZuWrBDAxeX,5484107294,SUUOI,29399
EzKkKyLt,IDgakANC@qjbXd.com,fwOrMnutMFPJfQd,5382524439,EzSpI,26035
gxbFhpzh,fyUXGYil@NwDXv.com,OMEAzVBaovhcHOo,7362362289,QvrsU,27204
clNAzATd,AJrDVlFx@UgzoU.com,rmZgoLZQfxSUdHV,4684812827,ZvbDy,75331
FzgxWtjb,QRrsZldj@UsNSl.com,DhvkDvHCaREUvqs,1524818031,gjIZZ,80610
GVAAHxDG,CAXcnDaB@OKOfn.com,ExwbbHCOwCSfrqv,7016688867,hStgZ,20612
gSqlEUHh,MtkzNrpy@kJsAf.com,QyYOfIkcnLHciib,5896739921,zwBlm,96377
cceIGsrC,CLlFfsBR@oaVOz.com,qhLxaOeNYWmgPSj,6900557172,zXlhW,71937
cujBQOfd,mPyrSTrc@RRxiq.com,MCZQfbFPXKnSUhZ,2040475729,sbbFy,57865
dxnjGeha,FsCzzQpG@SdJsx.com,pAOMQIkEvIQqoPM,9789084083,zsmnD,75546
srkSAqrl,jYXDJxFb@PjGkL.com,lLBtGWWmiPjUFas,6805736511,VdgRy,61691
pRGatFqm,idefBgTK@kWEwI.com,MnTvVALVeKlrzPL,6194604572,iiWHU,73984
HXfyUIdt,uOvdqsCE@gNPbo.com,ChOabiMafsuoFTh,3451121995,qyLXK,05265
LNJBpSbb,GXoAhLbA@qTbAA.com,ejOUCErGYEKlfwd,0751188246,JBGOQ,31028
zlztDRhU,keKZxmkv@pwHfp.com,EnBfsbuXlVOhYSW,6369943239,yuxck,71483
XOHvxEcU,ionkbgwF@TcofI.com,NyPQKthCvAKJZJY,7694557522,AVxbF,49019
JqKtTNvL,GPLwExiW@QtlWO.com,WwrbPWMeknuVNFa,0525945114,BHhVf,59618
uXoaKYBA,hDSOTOad@rTmWC.com,VEknhfkxwVHgEpr,2162485200,SdUAp,98421
CjQUfyJG,MEgasgvQ@nVjIB.com,ENyHTbISagnoXMV,2285887849,yWxcK,81373
NgRgQVXy,BsGinLmT@RQTJU.com,UEeElnUeavaCgJj,3356491987,VIraI,60408
FtnnjEAK,rpmUORlX@yhjlC.com,QcTZoDqflxqxWui,7791731718,lXCIZ,23674
CrDqEZzg,YeSBvhwt@bdNBl.com,HbtHUPJuPHTUGWL,4890508454,zyPtz,17714
NHQlKIJC,URfkcBHi@Ewvgf.com,oeIZStnLJCbQybq,1438886883,StAms,27180
cmuRFgwo,kjQWcwzT@pmpFY.com,zOphlAxpVLlfSci,9018366058,IjeJI,07709
tClgBzxd,BYUbZnru@oiARf.com,nknLrVxQXccqcOF,1584566752,yXhGd,04884
HSiIPNIS,JcanGvRD@DxwZW.com,YEaNlNbgLftSpFT,6771381357,LwfjU,56315
xZHCxtPs,pdebFmuT@yBsoy.com,BZoDWTNIVejicGI,5700899146,owLlK,35708
DIJyzfsH,OdxzokTs@RWYwK.com,StRWBpVIOgxFfLI,9903137991,IfpUv,58681
SKBsyDZg,TZOtlAnw@wpxIV.com,PRaLnENjfQeiQhm,7998911174,gxguM,33672
QUZVjIrY,iOaxfRww@pkoUn.com,kLOkQmBeJvwFAKT,3338754192,kgyxP,54994
nQCpuHfK,hLyelKkW@nkuiR.com,BaTzOymJpgTtLvy,5248708541,fixoy,03124
wjnEdpdo,QfVyTbzg@bEkaL.com,hXhkmcZyYJeaLCy,9406987823,XkwdQ,17417
BtVzIvId,VMgukjEM@fYcIY.com,mHXQnzHGTZxGxcf,1219557857,Swcew,67742
AOKDOYrb,mFFbhEAV@iFnqc.com,GEbZVTtlHmOohLh,4394800165,jEwBD,86295
rQDBOnVT,YJNpdSiX@bvLOc.com,AEgwhuWQHVnupXr,4202488324,GUmiX,76846
ZDTOlZxT,FeUampdJ@IwwkZ.com,DSAVSxckgNHkIiN,8406433343,VsZCu,85020
bbLETdad,ylKuNuIy@BalDn.com,jOfFkobCqWjtaji,4893057511,QyZKK,09717
AYpMYYpI,xpRcACCN@nQuBd.com,VTANhxfqqIFYTIj,2811581706,BSSpS,62734
CRGGhFHY,eIVKCARs@BXjmT.com,ruKutxHFSBdeVFQ,7482158169,kOvyS,39546
ATfXmkWr,ANiQSPIi@FruHE.com,XEceBzrtERutSvy,0406285987,eCubc,16859
CwdCajYo,ZBHZTqOC@nSLpB.com,IfcQYCpaAxXJUna,5795225705,NloFX,24724
TgDIrDfk,YhdMCcHr@tSZeO.com,AeasrQXAXSHfrJj,6598386505,TBLwt,99955
KaxkZaqI,WgprlLRm@JINmA.com,gavbnxblVTCfKEX,3376968265,eMSLI,54143
jHVKNaUl,zhTXhDDF@nriDS.com,IeEjWnkwigmuOgj,5040476859,pWRun,04641
GVZgiQuc,UukZlSmU@HmfCi.com,TyCyflWHpCGZeTf,0078145892,fZKzf,37862
pQxmWtRM,rxVHvlEm@lsjaC.com,pgHXppuYRDRiwSx,8867893737,NMVjf,21368
mhKflPNn,aKoyaukz@JwjRa.com,uHxcrTeJOjZklQa,6161351293,Krkvg,60699
tqjujpWt,NcTDWZFU@yackE.com,kvViJLxQtcWfcGE,9438474358,tXZfd,61192
sZmdPrHO,dEiCwBkX@qmfhl.com,cKdxdJunsvHohca,0027147113,DtOjg,04021
swfSqftA,ItOHnhjc@izzFD.com,jQmpIBvAbRxWBmE,1861988406,MUBEz,27746
ueHzHCVR,OtfngrtX@oDHBv.com,hoiXQrKbkMWzbdh,2989337064,rnPVN,25744
lbfTwSaj,oRPYFUKI@UrgXQ.com,PIxTiKuXrLAoCFr,3089946554,nProP,91236
MfVobTIU,vnLGjlmS@txVlC.com,WUJOcnfzZGxREnE,1502046354,Cgynm,64992
YwjRJgwD,UCQVmFHh@ZLFeX.com,iEOAFnpzLzZDTrg,2993403084,QSNvf,25768
ryUbrbMX,qSJWimYh@RVpmK.com,FDwdCcgYeswCHnI,2530416387,aUdMI,17941
heuliGAS,yYWbqjhS@ioCld.com,YBIrBeyHqVtpEcZ,0682286590,eOqed,90370
ivviohCe,wioaovzY@ikFRG.com,WgckLIkmiXNGfjT,3077038659,VPJnZ,72987
bJQmNkGt,IKVWYGiV@bCzTq.com,eckERFxVGpJzlgp,9684733438,BlYAF,86855
LnvWTJnO,krbZVMVM@xufEZ.com,cDyBUflnCLYCZRN,1627423686,ikTwt,48427
ppBUyHqy,obnHMrmb@qOqqT.com,MYCGdArzOJnFDsu,0700468855,wLjWk,55586
fYCxadkw,UwAfAfYQ@BsohT.com,EnCRzloUhZetZFe,2278303676,iIvFg,38675
HTffyzuh,qjSSBIvb@XOONp.com,aLKceuEJaxayQeN,8724070667,fjzqR,82630
AepJHexO,SZZVxPIp@CzZDQ.com,ZvEnLaTEsyTlHrv,6963662869,zTsqw,64629
ELgHOXrH,MMkCxufH@RKgsf.com,sxgQWfvnGgnKZLx,8723388923,WYCCr,52875
ZhctkFnD,khvATaiM@IfDyK.com,kdlrdLhJTNkJOpL,7209077586,NsJpT,42072
HJTqyXNl,SftbSZmy@hjaXQ.com,JknQlWJkkaZbSAY,1424100130,cxKIM,02861
vIdlrSyg,EqXPWCJr@MLXvo.com,qvGHjecMnAEFFRI,5191016257,thvGv,17942
GrWdYWub,uLFtBltC@yIVpR.com,LEiNIwKhtdtlXmS,5797745663,DxSDo,83690
zAHxckRD,kcPQvjMk@sksGL.com,mbEjolZCyiZNYgs,7737974531,mHCdi,24957
QOKVExxK,mFPlLmEI@TXDYj.com,fXBPhiKrveitnnR,7728028117,wRhOD,00880
UsalPZvX,qnnzqnQV@WTxUO.com,MUyTfRrgwTIjass,5928211149,huONc,64201
XUljwuUN,MyvFJZjU@okbzB.com,NJAlNmLicomCvTH,0715001673,iHXST,99499
piqDuaEv,sPXMuYKZ@vXBhC.com,MXVZNBYTtJldGuN,8952476981,RKHXC,89121
oUYqUCmq,hoAtOzAf@RGQdt.com,vTLPUdbaFdoQOVh,3462592276,SYpGJ,81380
jAFKbITk,QJqJMbmn@eFVsp.com,PtegKwFOECAEFYJ,7333545170,DorPR,95876
vbGjPHzX,DbwgrkyD@BNDqO.com,cTAAsVILafyBFQS,2286707728,EcOLc,89254
kytinlXo,IDsPJxSs@deLeV.com,CupPZLxZLySmVqf,3336799905,iphHE,80886
ksNBjjTB,jBPnfMWM@Xfjgc.com,EnDmVwEwPPyKFzo,0580854059,yiBrk,75475
pubRvQBs,msMbmpBs@nBGhN.com,UWvFrWTSpKyoELQ,0432494535,GnfGJ,66848
xMHxiyUf,tVWowKpz@TKXwH.com,qhQrPTvYvHmQLwg,3336092207,VOZTk,87735
AeBVJXlA,GFsapQIE@zOHCN.com,OCsITjgPMxcLIFc,8857252964,Wwbuy,36178
mhVASpSV,YhRdPWqW@JryIM.com,RFFjIwQutLQvldh,7905013522,iIiFF,97405
yscxzjvN,qXJIiSQl@kHekS.com,tLDgeEftxERnJMv,1205708219,aRwph,58843
cHHWXMHq,yEHQsLsw@WXeMm.com,JRxxkyxGPhkwNYY,5786587324,ONNlz,06321
fUTfykeR,uOEblpoE@NiXqX.com,lWMZMYGlKDyFbvJ,7950766044,erjob,67072
NIXjzbGG,bNjCtnap@goNfM.com,ErWZhHkQbHCPWVY,9816109234,PHwkx,09062
yWAuNyKc,AfaQgpVi@zdZCd.com,VrXRqJkCWcfudZJ,6247215324,VNAKB,42122
CvzIkiKQ,cCSpDnhL@jjWva.com,NsIpCBgBlDZLAYj,0294442639,HJpwU,22115
WfiotKQg,ZfvgTmTi@Ufhtd.com,LrjEEZEGATfyQkj,8682473558,pqNpX,47801
qCdOYFii,HGkATxwD@ICWgc.com,QwMwgyLiRRGyWoB,7130948116,QSzfK,82185
gHfjnjLF,pxtlGHnt@MZQzT.com,ZRCgqBxNEaJfMRP,7353529625,zZBlt,06988
uNMnekio,NoAVuJFf@uCmea.com,rsQSYoTVLAFgHiV,3686646243,BWCsY,39270
qmoJlRNH,ypjNOFlL@qEvWk.com,wgEpVuKgGEPWXgt,2755472930,MPEBU,74317
UVAXjSjj,IvybkxjQ@AJBWs.com,uUdCZdgREDtsKiN,2069439759,DusXa,75345
uvLaeNnS,tzUqWNZM@yOwid.com,kcjSLNofFwKpsey,1285551097,lxGnJ,93580
igpcjgqR,ljEKiPIX@fEcrm.com,ojRUwsFVFgKEbhG,6129596293,QYTYK,88935
nAHcOlDU,enNXzstf@lTCpU.com,sTPqOaZEfPVYvah,5912484324,bRiAt,26415
RTWKCbdD,DaUNKhkM@oNIpx.com,ImYwaHEeZohksQv,4053684720,LVWxm,29534
JtKyxZhs,AndnCXWK@eGKbS.com,BqXEbibdWHlugWK,7697366782,QysOq,43196
JdAmVhMZ,LZhKwMqo@eJHRE.com,MhZdpBaQRKfGkXI,5886153154,jJHgq,74086
lkziyJrG,IcwqjzpA@wvIqF.com,cvDMKhbARPYaxRN,9127024387,IfrmI,82066
yIaQFXDs,CkCLSzkL@LygxS.com,QLZlwsgicgXtEPe,6028969625,gmsxD,24010
zKMETWuD,BiwbKAgH@LMdzw.com,itSeJuPqALCrrNp,0522387007,FlPac,73388
uXhSnOgb,slvDIYkh@wXmnl.com,piHvGVuMweLFYhY,3270459687,tCGEt,00472
QxPgWHLC,QijYspNW@seWDw.com,gjacUQwkEMBorbj,1329966907,KSuYI,01066
HCXJJxBo,wmfNCAYs@AdAga.com,JrgGOesCURGLcSu,8151952737,nNlhs,79919
NcexFRUT,TQyUUaDh@tDRLL.com,JvwmbvhIuStZiOK,6510132245,aJijS,45100
gXbqPEGb,sUdsPhbZ@MPRtW.com,GvUtOrbIGhzmqri,4412063767,UGqLW,29908
bzkLIVhd,YiAxYiqQ@KjasX.com,OeYfkPgpClrCBzn,1915085141,YBLnB,05842
TovWvtlN,ERvNxwda@sIeGZ.com,WzQaxCxOTsvKgIY,1638878335,HDNnA,81880
PLTSoRkx,yOyCmBre@neMWJ.com,VYqyLMbETTzzXrq,7146783664,EfJKq,49621
tMZmvsbE,gLScLwJW@TZcjf.com,pXXTNxUDePMBmhD,2031478518,OlijP,20310
tePttfrV,NNEWLCFV@YtRUT.com,PAtaSftjEkDQTmN,5005147066,PZpmw,98082
xqVkqeer,wObrSNKd@YKyFi.com,vNLkzRfftlCYtQh,3819966156,oCCnQ,90120
BvjzAlur,TuuFUTbA@syUmI.com,svUDsLGPkunmSWm,7438413807,xETXp,21647
ETodtrfO,TgLZUgPY@gKzrC.com,IKQXHCemtfjdDAj,4782398901,OnRGk,93703
WMWOlmzv,ADuptNNe@niRrI.com,ejRQkKJtcxebqkt,3965927982,FwjAN,26318
eRwtbXas,jVOszvmW@XXkWZ.com,uZHVEVAuVQoLFev,1953555553,UuKpa,50055
FQvUltPa,hzYppwcU@cnVsb.com,hIANkAUvqRpYXRG,2585371306,tbHuX,58520
NUSGhXkh,fxXPBfSD@qfwge.com,KDqCBADYNpjcKxC,1888197528,EjqJg,59542
qfLuiODD,vxeRJKHE@lIEXe.com,SuiDQntxRRhScks,2625225093,wvfhk,11229
BtCjbgaz,bWXnpZLz@LajqE.com,tZjhgkbSRgFXhLO,0394668645,zsGPs,18925
tBObMEvx,aSLzaZjO@xCQxo.com,JxOERpFxxfNQkSU,6171571750,gfjHG,53537
iMnGlJwV,eolsODub@QMVDq.com,EogDYzLhCZKBCYH,8932199548,Ikbkk,87713
NXokdKPz,nlXPoTxz@Zrlei.com,QEZRrVQGXSzrKqT,3514820401,OazxF,04848
rcZoUTvv,kPnKnmEf@pZNgH.com,nCnWnwbsgwBFnad,3947538227,axjAr,09829
GmmwGxsB,pzGgkoSA@CiWUf.com,EayskAQQyKiRdzC,7690992857,fkvkb,64737
NIrUtedG,oojFGXeq@NUyMz.com,jQgQxNuXbKssPVU,5440668172,KaQct,73323
SdRsROTZ,wOGhczqt@DckQa.com,eXjSTqQLQYwKrKn,2510505149,GaCkj,08958
GbkugpBH,tkzmDZZO@dQdqs.com,IRXPojrIkazKNXp,9870862940,zufkT,50780
XARjrmnn,ScyjDsTk@nnjgW.com,LkFmhyCvCcWJxII,3844555086,lWqfU,84437
luSOYRWB,KCQmCnYW@esfsv.com,PXFfoJKzFUcRYij,2854618093,AqjDr,88712
iGhtpqtT,SPpQOmjV@ApCNL.com,CnXlVvACdlfvJNJ,3421694615,GLAJJ,57853
yHtkYOEX,QVtSnWeO@BXhZL.com,OfMwOJTDdwyvUjz,5227278561,aUkJy,48437
LeQTjcGo,OzotjYbs@etloK.com,BqEgAITlOgxiGPW,9482987185,eOtDx,58159
Ceychall,pypnWgLV@bVpYv.com,GoddtjVPuRLUDaJ,0419652660,YLsNo,13342
EQaVrRHA,IlAkNsyQ@sIhIH.com,XTkexwbQpbSRymp,5317971500,ulRoS,68374
runzwovQ,TfNZbpll@OwsqI.com,KnVFSCBrEqNImze,2691883012,ttuTz,29305
JamKIRCu,ZobQAUdU@HwyNn.com,zcZloDahVbCmyqf,4333104143,mJrDq,09427
VboxyHmb,zcEuxVGQ@ngWaX.com,prhInTevsJUWNML,8931415699,nsKzr,00662
kqPPZBnd,NTAKCDrm@ZEKnu.com,IvAFOqHqFVBVMTy,7776765555,KREhT,57001
jxDlXhiX,dQQdTBqw@qCrjX.com,YCGqwVOIgJhfogG,9070167194,ZglqK,32013
URkXFwhu,xzrsjlrP@HUYil.com,JKgfLmxZjaSMAzm,3093225436,GLlni,25022
XDzqporI,rbWOKECy@KIMcB.com,xpQRaegySwsWPfZ,7291804381,cgWIe,93805
VUeNZPMI,VsNhoUyZ@MbukH.com,hLdsPihVTpCuPrK,5813702261,mZbiA,65357
crGZDQnI,oqSTehNN@Zlsbv.com,HQCgBkshaYjtxIx,2544478487,dpckX,59855
tKZFzamy,acNbNzFa@fqJNm.com,qbwZFrQJxmiJWoy,7746418646,yANLH,64494
HfTcGLeh,tooIgeeR@GfHZc.com,pQlwJbnwWZJiRlz,5890075297,SJymQ,76143
fmZIFrVn,LMQtGSOw@THndZ.com,sLPTDeAWBGamuzl,0504652122,vyzdK,83132
yWAwZpZI,eWGMFuCu@Krqxw.com,kXitprdsSrrrURN,1739766116,zIySX,18007
djPiNaYI,QLvSkxoF@TdyzN.com,JjzqQdcfVBJCDmM,8606278774,gOACu,58762
RtCwtLDr,bmhjhvoe@LBVsG.com,kApNMkvXBtMWuYo,5000742656,qKMyb,20923
IffzHzWY,GYRXuDil@cddtw.com,kCuSLhORWLirCWK,9113212769,FUJgE,63473
bHoXPpAF,SzXDZyWv@BIgFE.com,htetdfcwoScBCNr,3405668985,fmadV,59606
oKRhoZsj,NrmIALID@MTEfY.com,FrZniWtVnFcUCda,4205114569,Mkdol,13901
YGQPYUsE,iGaWxJfH@LWPJj.com,BpXFQmtOvhSLnjG,3268989550,QMKlm,60615
VbTXePXD,JPUZEYDC@UWWhe.com,OVEPOWktpVeeTZd,4313124535,ZaqlS,60977
dshzOzQY,fVPoNMCq@hHbdP.com,utBZRipXUOgRZRL,8762636350,vymZv,82371
eNfWqhMi,DMMWAWqV@uhUwE.com,BOfPMyTRbFUJmBH,5836561216,ZaAge,91420
UygnaXSV,acvPZIeQ@LHzNU.com,eUgvxGJcZLIJnCU,7603616322,XTIAm,79412
StONFAhh,SRusGQoG@EyQnf.com,rVzxPIZXtpEyMmV,0791723221,DalxQ,76537
HvioSzhR,ULAoyWsq@FVrrO.com,kxYTaNjGSHlAevm,1874830883,sfxWh,97642
hYpWfUiA,rhfzPtrl@ELFJX.com,btIaCsrnsfYgBnK,8735800908,PLTig,75841
aIYADqCM,QczBEXCQ@tUSGH.com,XObDqAuRLOsXDgq,1094976574,VabSb,65305
gnQpqbwj,AqkVdMmL@dPFbP.com,uzuPbmgQtefYJVd,3870763731,ShhJC,02717
iIEiTRWf,TpJCulSU@zZHoA.com,wQgYiDQklMxFJvT,6898785615,SimNC,97406
fScCMCRt,wiUfEnSZ@pNKxS.com,UkrDoZVDezsmJAX,4045511102,OjOMB,24194
SxGqBNay,bmfblVcs@mXTJd.com,dNSJvTtEwRfLItH,1046412448,SpaEb,03515
QGgCIiyw,FiVjKSfB@AxZaH.com,taklABpFJuxlGjX,4755773477,iOgkH,09230
SsgMBKaC,qwfjNheP@nFFvg.com,MfpXEMgYfFPWjMi,0172544638,GHYIy,54993
ApjplDdH,qmZBxaOK@CSERa.com,eXiQgXFbPvIbXsG,7107077436,BlIiW,07935
SiGTONsX,pyliInrD@kEyHC.com,zaRYISJcKeeFaWb,5439491766,mgZOa,66912
mXbXMZOO,aIEcgKEW@aMKpl.com,mITGNLZxBPGOAAD,2077372671,YrcvQ,87003
BewjIQXo,KBXsvQsT@NgGmt.com,YBqahGoIEBnXHFR,4656164729,LexpX,40564
MfgiDZEA,bFmnAUKh@lXkbN.com,suibEmVJazzTSVk,3588108317,kqRBC,48738
GuOqIMQd,JNKaLINy@mWUiX.com,LydZlXERmIpcZlt,2272221070,LGmhC,63717
JAchnfex,VHQcJeiC@TIZHK.com,MENlxLlcSfnoWop,5379124904,ypZGI,75983
YidYdxLc,EmNWQgZm@Klykz.com,lNJGttbdmfTuaAe,4869324131,bYcrC,90460
RExFxnzl,SGxklrdr@meVjd.com,GaLOmyzedUkWkVi,8521871197,TXwfz,26758
LuWTUzro,bqKQeXxr@WEVLD.com,ZyGijmjKtSzYycl,2922214807,zMksi,79039
VMigrhHb,FQvbDSzV@ChxRq.com,NufGMSFsTTDwRfR,8122047326,XzwGA,18090
ErctgnHB,eIGkIumC@BUIRi.com,bEiFEDgZTfMDVep,9142563025,IUxTM,68794
mRuieEtu,oWgSqSBP@lwHIn.com,hovePVfdVawvlLk,0578977738,PpMYH,87622
fYngHwsK,VcVFnHTN@mqbgL.com,nIdAtssYRegZUKA,7505264812,GYKqJ,69676
sQEoXbuO,PoKZzBbQ@hlHwS.com,IYFgFMtGDkFLScf,4646023976,tHSAs,81005
XDaNrTSx,eocBgoAw@wgGie.com,ULlKcjLLPrcLbUC,3307400139,XbWTY,39131
nAkXbyeg,hlkZDzsF@kkZDz.com,JJOTcNMIqXdKXkK,0175665209,kNGbu,15100
DzyNpksS,boAWUkgl@wddwG.com,rtjzUGFcEkPvakn,5551347222,tMiyF,66450
ONjryNHC,LRkyxlTX@YwrTt.com,bquXQiczLWhECHJ,9686640078,VquAo,96785
DNjGVpmf,vlNwOORb@TtIRa.com,HMqNhrZolZOxzIy,1074735140,BUHzA,73010
VGqJjqBz,zuXSdIfi@SnOKK.com,EcshOvilErGWuXI,8747224490,wiIPt,38964
CGPzbRFj,DVPRYccS@CRQDW.com,pdPjFGTRTeMAdBx,1437815980,kjcWK,66360
UvLUFPgB,uGfFsnJU@JKhue.com,lFwymRbMHSbZJHW,5883782919,WktMV,56069
VwcSXSmd,xIpJbaVT@OcHxJ.com,iYGlHjMEIMfDApv,1332775009,twhif,38959
SUUrmSAl,WyTnmLoM@onasa.com,kgiCDuMnUZVcHqG,8895883426,QDSgH,28332
NwCStsJF,mEaumeyl@qmLuf.com,pIOwxzIDPWOSLXs,4810020275,nMzlA,02063
wHFIEGFV,IIcCxaQE@GBKfa.com,UzagTMEsUydlOWQ,1720125462,arfbH,11902
ZdqYsttK,LyfpXIFM@QOUUz.com,pVKDOtGpOphXHBm,1098965261,ShwuZ,21432
dyccZEmq,kmyZscMM@fysiv.com,VwQzBecAdHslTJJ,5637208989,pHXcU,42172
XfevrNkv,ysLrWbcn@bIudn.com,rwNliYbWokIHAkt,1888349586,ACKKD,84203
MReLMuYB,scxXRGVM@ILSjR.com,HApJQranCMhaTCs,8093811058,DAYax,80465
ApqEumOc,xbPzFdos@bivjK.com,ETkWmHKVBHWNvnR,2278060626,OHDmQ,70636
MnWtPlhN,PocMQHuE@Uxpqq.com,OCLnsUmCZgumArV,3321326133,aUveh,22041
isfbsIIL,ZrrDAyuA@kGUid.com,webkBezgqoKxRkC,6373657281,sXPpT,42124
ZywXPjZi,InteMoiO@sHStZ.com,jcJyKpWtbAbezBJ,5691260363,dbQyd,70515
YIpzPOQg,GaihYegm@wdaGS.com,HedsRLZKAgxtsVU,4293170433,giGXg,25345
BjLbvyRT,jjERznVl@qwUUH.com,gEkoVOTIoPmtnXv,7732332428,XRNdK,17908
lpkxnAKM,ecIKqrIC@SMwPM.com,DuByJLBAWMvUxZB,5848499046,lvMMR,19204
DmZFrlaI,zSMpHphO@kLeWa.com,vkwqifCbDQEyYWS,0757303415,vWgqZ,54325
EGWrwMRy,NABvency@AelYa.com,ReSHbLPiJTQMsNL,9759358235,JprTF,20009
ORolopXR,cAFGtUlW@VoQeo.com,ShnKQYmoXabODoF,1643248799,gPynX,27693
YMWdxSCk,VSvbTLGU@KNZhA.com,SckShvNAioHhxnu,0016551155,BMeGC,33548
IflZhzcH,SiRCClNC@fCrlA.com,mCvqooFmeRsLNka,3407116524,sgGuD,78386
yxPxORTU,uZQOfWtx@tpkLX.com,jHUcRWTbGDBhlxk,2359059549,ZabXp,46388
ahjlnDic,qdBiPKzE@uHQei.com,oNOlhKswNfrOPVh,3638002138,ACvdP,23173
noVAfGoV,CxNVJWuH@suSNQ.com,dJWiwrFKXavHqhc,8419055558,TZOEX,85643
ophUgUFe,FjZWdUjg@lqTlP.com,FoICkUvQRnuqCSC,6210893216,lLkBW,87836
gENlTCzb,vWHkGmwa@EchaX.com,hmIdXnqeAADXgBx,7962625014,WhPdE,17436
gjGCZDWH,cdDfVkAP@LXAqC.com,bPtMhgTaZsZQKed,5148868963,tENwO,42715
uHeMdnjf,YqRwgzQb@WwkoP.com,SiLWciBXatlDwcn,1334648912,xMedQ,01705
MdmAGlIS,CIHXNJhT@wcuFt.com,sQenbmnWIIyRYbe,6216795481,qsMCy,97596
xoRrkJGK,CBwsRzKZ@ZlnIM.com,hHcpDUSiuJoRMlJ,1829776241,vHJzY,06571
HFlaxzgf,FtjpzYRH@XbNot.com,WpushLBDwkxfdKC,8752806098,GPDad,21448
tlexPuVJ,kavLkOXB@nYgiy.com,YJpFzBolHiWLyEx,8132434166,krtDN,30990
sRBnBTca,ypAaejde@YLobJ.com,ihuOhEcwlvzMUWp,9518424164,hgMRp,98218
riJIlnxX,jhtNkXKi@XtiNy.com,liZYJrptbFDOywm,8090679487,bOaSy,67636
zJMPWrpf,ohVIikUK@DhLLT.com,DcuxLuBLLdcGeSC,7813723461,oDWGo,97124
iOCIiuVS,JyIfOpvw@FYPDH.com,dqVsksfyAQckwNQ,0623230147,igREV,91566
AbYNueDp,cNXaooId@TaJTV.com,rBOsvYuhYOGsKad,0700797709,UzICV,85800
jZjdQunY,QBZKaYyd@UHWIW.com,XoUYgJBtBxCeZyP,4629287612,KSObp,27943
REfOswFs,QCKFNdrF@dgxNO.com,wZcWgwHosyWlhwi,8246644948,ZbbSr,42173
zbDXeZJd,HSdQQGOJ@pmTRI.com,tTTRbZEPfRbKJrt,3390192310,FmJjn,66131
xiZEHpfy,dBgUQlNo@dqzrC.com,SNzjRwwuNXsSqjG,7393118444,OzBkF,09015
EPCeQmph,TKIBZwox@viSGI.com,OoGtUjRHptCozJP,4822408893,oVwVq,35921
Imgkjsfj,eUlaLcSt@fTvcI.com,FFpwkytmsysfvFA,8211924194,XgVtI,75542
pweNWCWU,tEDyxiDp@fxkXS.com,UqjTQOJcjIFwvcp,2745172560,Petrh,20898
PayWCtgQ,fOTDgsvF@hUlbr.com,FOxrPmyBjBmFlhK,9165795627,dKnji,58512
MzKPHAWI,whXIpRRB@ULkUJ.com,QeYKKPePSmXihAz,1019466074,UbsFv,77387
OyMbXgmh,vBCJYfrS@voGNU.com,HFJsQdNosmBxGhw,8815575668,XfsSI,73426
NVLIotVR,gcmKLTBs@WrgQV.com,QpmbJShuDxXrHJU,0695046749,PkwGP,49617
IOqWntyn,dtiLneGS@CKoRb.com,grRZksyyJKenGjN,8894985698,UwTLF,69281
wfWyUbDY,tambcDYV@aWsdk.com,jLorpsWrYKMwzCy,0637342056,eGOCv,64415
EFtnCegS,ScaSXQbQ@tcPPL.com,JXkBrAhEBvgESQf,7388315616,DKksP,24083
HoRpyfFP,TxzvyBpN@HRwID.com,ZGIJFtsRtUUgsil,9433389309,hRToq,73497
XJVQvPtr,uTgVHJip@FlXCO.com,xYUZuBqBlVSAvMY,4331594779,wLbFh,88578
leIOTwOi,TuLWnlLU@oQhxN.com,ZoCYJtaKPfvfmES,7620177264,JCACI,59681
lGonTpXn,ZwlMzUqm@MGvyn.com,VXftIaiihEQBAjX,8615962615,ZpdxQ,74054
SNIdJkRu,cJckfnnA@BnHan.com,eyFmiqVFTgMmpZw,8563318334,CAsZQ,93788
kdWGOFya,kjmadWXU@MOBTV.com,JuTCCHMqWZFdZWG,5476244875,DKXRf,22083
HCBAtapW,aCnopFGw@CgNwG.com,ZTIwOzweHuQtTWq,5666986295,wsUMz,62851
GJkZCJwT,pnGXRwWf@hwxxf.com,ZFaVSvjuYjkrBzF,5821774365,FqGsQ,38637
KQjVsMez,RRmJyAEh@IcuLW.com,NSjbRYUpKGLXgbT,6169044540,jwjoO,69548
xwWQDSMG,XqSGWknC@igoAR.com,kNjPpTIZJDrEZei,7375919326,jQmuw,55376
GpwDcDdw,XhLUjfiR@BWyxp.com,rIoEgeMwgLvBxLD,5564413088,aPGqs,60979
fNzcTUpl,nZPynLUh@EfehW.com,NpLmkuqqIFLFTzn,0200795812,NDMHX,29451
TkEbcGHb,FYgBleqd@TNrUs.com,owaJtekvnTTTfkf,8930133113,IkbaY,52378
CtyTVxFc,XHjQSeUx@oBhYj.com,XmoUJmSXBpeJaQF,0886327358,RceVI,83221
SLCxeSxv,MREZYgnm@scdNq.com,buLrWBtLtxQAoqv,8565467595,HFjNd,77205
HQyOAXyb,FgDoAtuQ@nJSnR.com,SWKIPEuXzLGWiJG,5162316283,kNxSC,60085
xuTXNuNU,BAVVhPds@mLswC.com,OhvlUultuyFfwkA,6590950722,Ikhaq,63059
GcIMtmHI,kToTGpWU@CaQqo.com,WujlvxIQmuWVdUS,4221956035,dYSNv,91659
UlBcrfqX,yrbtjXnt@RlZcv.com,FOFqaAntHvPPdQv,9385910818,mWHGi,09346
lwJWQkBr,kpMloPuu@mtfws.com,cuNGaqYZQUWFVRo,9165619826,CdLzI,87275
VHPxocAS,vdKsyOmo@TgnPh.com,HyNYEodKjSlduAI,9765961185,gbZiO,82584
PnpVBzMs,GcBTTvdR@cVPrj.com,kOTypmEkdgptiwV,4501838713,BZNOr,34477
RKmFDzvd,qdJZUttg@gDVkX.com,ydSJYErSTcTZhtH,0856443987,Pcevu,08104
URaopnxi,aOXSMLQL@dWVtl.com,XCOmhtgPZGeNiPp,8748405214,EoRel,41458
MvBGxdke,fvehzBfA@JvycU.com,XQsUkvuoVHeoohr,8004209723,vOmCJ,31398
sbcLQOfe,wvBCMOKP@MxNpL.com,LRpLnUMRGCNJOrP,5977473943,NnNEl,12464
VvSTjbQZ,sdugrqRS@VAVes.com,KbqnYudgyEJsJvA,8330096082,cxiap,01400
oYmRIdFD,ERgloLXe@rJBdh.com,dCmMkRAvtlyNqva,3073771305,lpFhR,01093
lnYhdIiX,CITygHyV@KbcXM.com,TkjOSVznuzQMQQA,1252124639,futdJ,39393
PqMBOQFE,zZgqYMSB@lSnqk.com,LXxnudfcStAgrAI,7883830859,BEnou,90782
RrIUKEsd,jeYqPqaX@zfODV.com,FkRLudawNIAmmSs,4052608005,bcChv,38594
qaGEciXu,DMYXKfCx@OHglQ.com,iYTqpOVICTfcRoM,8781381419,iTBns,78683
phvlDQEy,sRSeWMIQ@ssJOS.com,vPuldrBkzdqqqSL,3266690926,BEaBT,20906
FOsayVUi,PyZpfJmv@QLday.com,YVpDLfmSiJFjXYm,1080454319,hCOOb,78799
laEUPJeR,YPDGmWcL@PnJgB.com,vDrlCGAHkpwgPoh,1380068630,nJVth,29365
JdujDzsV,SeKCxrYB@nzFxJ.com,MOQIPxckgAxIOGj,8839860400,Auyim,65393
ckNKkRIC,ZNiIupWV@vFXCn.com,gNfVbSixdwiJZVX,4050500516,HFwQM,82178
bdRlIOzw,VyyywAJX@MqQgb.com,DhumgXbtuFXOwEH,0248351264,HEZZt,97918
RRjcSUGw,gCqXyMgi@mnpUX.com,FKhizeWrXmTTLsq,5104230985,TqSKZ,38244
ngLCUNBC,LhowzkEN@QnNsM.com,hSVmnUBILotoAmQ,8127597770,CvZFZ,30718
PlfBIPVi,tzOgMWzn@SIiTF.com,jCQdRQhQmveOmaC,2531722438,svpHA,48268
jQqqEwdG,yBZITiVc@jZgOp.com,nsJAWdrlUJeqBQw,7456533258,WyAeq,87176
ZGgPYnwL,nQuwqCdi@aFZfm.com,WntmEuJmUSdkyrQ,0583215284,tkgZs,46374
FxKRHHIe,HglCFXWq@givNM.com,xUrvgMfYBZZNtlM,0161206904,gOPjj,15764
lqFzbVBP,UfYuNtfy@nRPXn.com,YCacaGGTxGcaOwW,6262421930,REDIb,43052
KRmpflxM,jWFCHgFr@XWUxR.com,PIeotbOSKlRWaru,8881741105,RZvKG,47811
bsHgDgJK,TsrtxDQL@CKnLN.com,XYyotymwnYMOszl,8229548465,TyaNQ,68011
QXGJwUcN,IhmUStKQ@MkMch.com,WztNamUmuOxGgbD,8181816645,zRTdm,30823
YgUntnmN,ZtpXUKBJ@PlwgG.com,UHokZcNFzIlLNzG,4397541218,gwHZI,96087
AVvgksXj,FljWMNJX@kuXTw.com,mOxwcrrXRCcyHuT,6935926498,DOqJk,21692
uJTAWbEV,CBxxbbvZ@xuIAZ.com,DoipQXGnrmbEcff,1788536004,Mfzhe,36012
gLFloAgm,bJzodBaF@PXQGz.com,HBuauocTRZKQAgR,2085051180,gmsYy,69005
boAghYcp,dRQzJbTF@vFCrd.com,CJohVdwuUYUZqjF,0484926304,gGkGU,95737
kZrXkYKT,YNZMRhmo@DHfAH.com,VIHposFlrFUhgyH,7344402731,fxyOQ,44788
OwIyHrvT,cRvAfnTa@eFHYr.com,basHrZzNYDtNFMx,1337729896,lTlpY,82541
sGJgryNM,DGwiTQlR@yTgMP.com,zfoXPwuEQimIsMw,3853788991,mAHYu,03180
JHFyNSgC,AJJJbQko@HnxAD.com,inLaAvXrtKTuEyG,4400327071,sIGHe,68282
dDDBewAD,PLvgwgOg@xhoTf.com,cHUvYQLMLmMGUHX,5593610242,oEPSp,51951
utaxvTsl,pfiZOigS@kiksN.com,MQmCtvWZMVuhabG,8384050138,hGfdb,68235
RNQAbvGK,NoOGbzkv@GMdPN.com,NvZuZfOJQtWZIlP,7895088268,jasmE,45524
GeHgsuJv,cXvXIKld@TMtPp.com,EISSZoToejljWsj,4904354553,dwtPQ,31462
bcqecYdn,rBbQCovL@JAiTJ.com,SYJfORPVNXIytNM,3697051229,tiFIE,00948
vudfKfdB,txeZEkue@LIxYc.com,CoRLYhySUtaNRCT,1657606215,Upnga,16104
ivIirqkb,WPBsyCmQ@Eavxh.com,frOBrZzPhtadBwg,6412047139,Yrull,56842
tdrXZAyE,Yusjnvrm@EfSiH.com,wMEPNvVzsNktTPX,1279935216,xellD,77196
hcKQLgQR,ywaWXkNF@tZrgu.com,LLIEbgbYcpoHERB,3103359815,vSaHL,57552
agCalpYc,EwQEzhSy@WVKyk.com,UwbZWGPbsNwgaPd,1726174172,Cagnu,17577
hLrbgwzx,rLIPrtXn@WhcEZ.com,GkuOmxwarXeUgVA,2507545549,kwNZR,64712
jUoasZFS,VACWpYSB@ItPsi.com,tZiQVjCCqyGWmxr,8381962317,YFNyd,77053
EMNXXGTz,zOOCPLEy@nacMo.com,EHKCZRsXahlBnyJ,2689670417,pKGZP,46202
wysgBPmK,HhXAsQhp@yYZSr.com,RkGWWtGsPfoEfHW,2920699010,Nqqkt,36790
SGNhcexO,YciKiTsS@rxafJ.com,sQVtUCIPZksLukm,4309650005,DofAq,74862
YPbZvusZ,yZPxUlQm@ZSTDb.com,RWDpWDNtKsXBlLb,5168566189,avfuC,61708
JqxYjHim,oTKCkBUF@hMWaY.com,yzGrjfrvrhWCGZr,8593910541,cdloN,30023
eVrPVBJc,jMSFsZAh@KDEKS.com,VSnhOVoAeDBkZUj,9511500440,hpUho,39097
gUtCTgjj,JMJQbMxE@eNXVf.com,pwQhSXqFXOgtbBG,1538613340,KxQox,61527
hOsMfIqO,YiLrHXyV@kgrsB.com,xaDndGGzlloVpZV,7988959804,waIEY,23572
snNaqwWc,DKDAcNlT@FnGKo.com,jUBYQsDZWgWbfYf,9480277581,YceTp,82792
ktfhkQcJ,QyPdnYVD@MSdjR.com,ziSPgQUsoPanRkT,4697384647,hrhkT,09116
YnVmNoVy,GTcekRVh@aykRN.com,lwPxGlYZlwuGulP,6224010669,sSeIg,72996
GqYhwTZl,giKMGqUT@JlJSR.com,BptifPRSsxrTSCb,2932444973,uEiUI,05569
WkihtfQa,lMRKoPYo@plznu.com,FIMdNvrmICSURsx,7487490265,zVNep,17968
coZGcnlB,PsFmuXcD@fobWV.com,qCLOYxRhnujgMjH,8069629005,ePqwW,35825
gqUwEZEY,BBEquZTK@VLikL.com,xvXQbXPTWsdZtly,5300119965,GxQyN,97293
isLYoZls,CXhMpcrp@eobGN.com,wYAOHFhNGBLWpYJ,0758991550,GOlKK,82933
oviYEnEp,phpsGkys@dYkGf.com,FFjKlsOTHfHRJsx,5003729760,xzceX,70379
HQVvlHzk,HwwXDyUJ@oCCSy.com,PgYVRQbDMkMdaht,1338215703,TXMNs,01488
WbJbhYbK,hGbfZrvu@PVJdZ.com,ojDPxQRGnXSRkEZ,0053825840,qNcrD,69714
DXmIkmJe,meIIzgbc@mWlnF.com,fzdgdEoPFVZgDkt,8699193842,HBKDW,95711
AEdBEPsE,SYreLyPB@gbYNr.com,DBqozjFSILAWnjL,4499916309,VQPho,30153
iTWBRxRV,yAhCLhwd@MQElP.com,YfTATiyoScUgski,6693165899,UMHIX,94115
CnfLPSze,zbvfkgXu@nmRIT.com,KjjIYRchhLYMPBC,9088961803,DxTEp,83625
PfgNYwSG,aSTSyUaw@bNVBD.com,eTqfFyrEJCMPjRe,2868386507,dlVkz,79545
cqecHSif,xORHYTIi@fSArw.com,uQwRauIEDZZDWXa,2290985914,sFywo,27435
OkilNdfB,QFCxCWAs@BijbU.com,vFxqqbrdsytGAsD,0358955260,CBBVA,36797
DEylKqQz,ehUhjgpe@bSIEj.com,HKopNPSCGAzaUTd,5640673395,FiITM,06915
CpDEQruX,ZmorPTbV@muuLO.com,NyuDLizDGhqUBwH,5710354956,QcUvl,90243
WaElJvzQ,bhJZgqZN@Ambcn.com,ejvvfSfkjSHBzir,1323561921,APqms,59693
jybbSvHn,gniRobsP@mIJMl.com,tgthSiKiAqUSTxb,0269011289,QJazU,12124
mFFnddAe,dUnevuUM@faNRr.com,HfPEWhcMrcIVdFl,3238176398,cVjKb,82526
fuEWWcOo,aBXnnovs@vxpGp.com,XezqhHSuvqUoeXH,1199798297,ApIxH,53499
OVgjdfzd,yFCiwUMV@djYzV.com,JWoYPiFDVFTNHQD,4756665040,uFKUg,00266
eoAUfOMO,krPJLNZR@zyAvx.com,kxrOONDBrNSclwn,9432136563,HRFkN,61909
NgUVzjRv,YArhpERD@CfDKo.com,yryGyDsnDBiwgwj,8685313212,qpYDz,37341
DhWeEpPl,pxRQYcBU@iiYPN.com,IIkulRIETZpAEMi,5853758243,zZMtI,70811
wRUaCQxo,IEhsMTTa@keUxY.com,IfQEVyggFoUjmvj,5347619907,Kihew,89412
rOErAEBi,xAyEyUjh@lKLkN.com,uYgcjnNJrJlZaWA,9994115142,ELByR,34403
wCSzPZkP,ezPHlUfc@kauTc.com,gJWoSpWhBXKQdGU,9227555723,sXden,74372
vdYgOUUz,tBMtfHoW@jvzWr.com,vrIkVdnEfQsFfVM,0947506099,KXvti,31889
JXLqwwsz,GKxOLXXY@MnPtv.com,cXNxfijvqNGQpdV,5723797581,WfXZU,29344
iomNHTUA,QrWvuezK@PgPLD.com,uRCeRpUscXIaAEx,1095684630,mrvoj,94156
ONjJHxHN,FYGkmtWL@SzkpW.com,JgAVjeabnTTFobe,1224663578,mXRKf,96461
iCzzgFnM,edrwhAVz@veELj.com,IPGlADNXLTYSFTW,3004148697,wHCpW,66564
TOSybzNv,ekpkSDzS@MpMNG.com,dTsnahVtfUOhnkh,9688094015,JGmBz,57329
YulGjZsC,dfiGVCBI@DCulP.com,OKNQgzIXsyVFHrZ,3952776975,KZxOT,77769
TZSCNRJW,uYzFnGpA@GAHIe.com,GdwMbKYRCndDAnd,5800158644,vmEBm,34726
kepRPRmn,eoJvSUxQ@BebYf.com,qMqlBlBPohjfZEr,8174453765,gEikB,69119
OnVUauoU,JUecThZk@mKQzz.com,aUgpwGeJkteysNH,5256041915,wWhIU,47426
xBLjPvuT,SuAuqHyD@zHsVr.com,WCQEEYhYxfiVbtp,2472236945,Googr,07554
KIPaWNrp,KncJcmxu@mNuFp.com,pZwUstOhdTnMysA,9242295679,cpHSR,98142
ZTKgmhSm,rmerYwrF@VmxRX.com,ksMPhemHzsSeCGJ,6331723774,tMivS,60325
IBNYgyaz,UqsMhkUR@UIwmy.com,rLvNZLEWfseeVlG,0079439462,Sfezg,42661
QyeFOEgB,TwNiURWe@YsyBZ.com,tVHMnyeIlkeclrV,9958070331,QSWhw,81307
YzcCUtBJ,UergrbCM@FebCR.com,YvNIaLmZkRpoxik,2707163503,lbKUb,36659
jVxtuuBx,JrgVVTEP@CMSCM.com,wqmAHaKqrlKdAEN,1379291693,AkkMp,30455
iNZXRazV,ItevcMDq@mOIaV.com,ntPvVdAsTtZkBKN,4630715343,zVdjj,66453
WuVUWnZh,ZhaPVraP@ntGBr.com,NcQJnNeNlalNauu,8712209403,hEjNg,53485
KqYpnJeY,QstFPRon@ylNbf.com,QJiZTNPqmWyJkUH,5682382554,HiXpS,75114
mLoLJduG,DGQtmcCT@slYKx.com,VbOiwfdIASRFIKq,4178339051,ERKwL,13479
TJbVkeSY,PBaFaRFh@UvPna.com,AdnaiLIzdGCEYrn,7916843239,AIbDB,21437
LzXmmXio,tfzfMxFl@DNCJa.com,nhtqmOlSZXCCYMq,8968738125,NcVej,71871
AjgRCfYq,LdNXGZlr@XPmbj.com,OJGmsoWcgaZnpnZ,8502726880,JmqvF,57640
iosvmymH,iwyrLUlZ@tDrLS.com,uwwKpMEYXMhZwuc,8179268930,MuQJA,19047
cFgzxKhG,Ssephwpx@VAmKs.com,bXxQVKQygjnGbKu,6577967693,szFXf,05082
cPTwosBR,wyjMykdu@YCwwQ.com,kPKuaAmMMAdeLNZ,6891788294,EURRI,49835
MJdHoTrP,wOiEoDkI@hMxpa.com,ELGbEiZeVgBBhzJ,7715119548,ieKDt,93083
jmJdsRUs,xhJpZPem@AkYeW.com,RbcMYIgEqzNgSuE,6170912697,exdqS,79655
exuLpVvD,ZQShYfwd@ibvzP.com,fmSUBWdYDrhwxBG,1440816720,wMtsn,88022
nmVIcyfF,xFCvLqUS@JSPoO.com,FOJyJrWKWIIKayF,0706408408,syhhz,92309
yppkSuAS,VdwAEKmC@GxLqm.com,jwMxZSauXeqbstl,1614805829,bIaWj,41037
ypuaqqwa,DefNxPYz@OLJra.com,nNIVGItlEIjuOQQ,8228471886,nsXeZ,67134
aZqQjZba,bgtmPSdb@eKgcp.com,LGZxpzXztVgsNbi,1146740129,qZoKP,85872
WyBtiQYW,VwDPQTdf@guAqN.com,CUDpPlAVcDoZwzS,0097357314,MLJhg,01082
zEJlFbZg,nkDrNHRp@dnEDb.com,BQGhFgrdQRfsFdo,7149318160,UiWfh,09689
KfbyodXn,TGhRVZIq@znRbc.com,mgdHfIkIoGkDXZi,3167696431,XSjzP,10201
PdzSOQnV,eCLIMITb@xtAUU.com,xQgRSHvfhiWesAb,9932797576,PGkPF,27932
rVSTjhnw,ijmoBKPp@rIcTt.com,DHPzwXICmBwzlRY,0450775952,DghIw,16722
AYjdkNpl,CIlgiKRE@BuruM.com,fvrTvURPqiyxqYM,4214191393,TqfpL,30923
akrFfnzX,uOOZqybq@vldaM.com,meVkdlygvBRFlBm,5107959879,gmpTP,12527
vqxymnST,mWskJLyO@hDhEe.com,ZhXqBmoCkMeXewB,5656127316,YBLnQ,23419
KcUSJofo,MjyYeJXa@ZkOlK.com,CIFwOSPOwPYgLNZ,1430758884,ZBFLw,24485
jaKzEoJx,uLrvvjis@DyJnD.com,jkqfxonKzgyXoLU,3620641861,KrRII,27667
BPQeMtAb,agIopvXO@abVEW.com,mwJiPzpuSrllKGo,0976798280,oNrID,05155
ukyXzpde,PYvfGkwl@YVCVs.com,HuOUVOUsGWQGOwi,2063255203,DnsUE,40439
oHLyGNju,ufypuBIL@FCSqZ.com,sgqekrXEifJoYGy,9580420569,GRBFz,33100
NAJOmZzj,ygvLpozn@oRVrO.com,CPsOzYkfDTHWEkn,3116379294,SsIqA,92741
NSdZXhgN,hRvutHsh@GSapz.com,vMhFknhFUASdOIE,5693160987,CthiX,50367
QYNEqYzP,LiBvBReL@oyRFv.com,OYCXeOGOkchzoML,6526100573,kxOcP,00159
sJvbWIhY,lbAqdynC@TiAIj.com,NpkVUQyTloXxCqn,3903666498,dCFpx,92850
sndMCchK,rHxKiVqr@ENKBx.com,hDjZJKLpfTqoCNg,4783138862,aqzes,09008
IzMjhSEA,fQdpibLR@lgQWm.com,KsENFnFIprpMsrA,0434069480,CuYKq,88165
XpHNdQlJ,VBaGovXF@bpzRp.com,llxKPAyPxSiGnyV,9980192377,dpvci,96113
LvZsQsDV,svBkbRpa@SXGEE.com,PMtPVHJwBJpRqbz,5709223499,DCDcA,59935
NurMwrKu,CsUpKsUV@YSEPp.com,DzVrykuobeAcNpP,0425330850,BvLQl,75082
FqmQBmzO,okzDeQHQ@ePghv.com,ScBsnoEcrefhewr,9422589894,HtxOl,16394
DFzPQVjj,lptlozjy@uMuVg.com,KFFvhWfERrWKpYD,4044542558,srIwT,85097
RSVVzVyT,jeeLTTrx@LJDxf.com,yBqyWdoZkzmKpFe,7768326217,GtMaF,22820
qbeMnJOf,ylEqcScv@JhpAT.com,KtpxvNBLyHLPAxj,7452091816,SsuCQ,93283
OZEokFNS,NZqVQseU@KkYKt.com,jqEYoLdIFycRjCF,8757516493,JbFHi,88911
waLXBAiT,XoFSlTSv@WVigM.com,SMRhvGiquPSFWWL,1182384613,uMRLa,53106
TAYdqqIs,QplxAQOI@xLIhW.com,vlVpLUJNCaJQVqx,5954214766,iieIL,26300
WGByRLrr,zIkBvzAD@eVMaU.com,sHKQIfoPSpbtBFX,8172641551,JMypk,62441
cnytXplN,iqirvIyD@MqXPO.com,NBdADOTDSIPKGZt,2421764635,uDmsM,28801
pfRbhbjJ,TvnjfMjp@QeakN.com,wWyoLCKpxCkHuQU,2989999654,uKohr,13038
kTfTbSmK,VDpnoCdU@jgzzI.com,ChGnFDJgtwwgWPt,2532777244,vFhSa,25549
NxvVMRHd,kffOnUbP@rjWIg.com,QDCwlZooZFmtyxM,3917037958,NNnyS,51444
hwuFYOMa,BJSFfAvE@PVpbB.com,PReGJZnBdTXKPbJ,8126615237,LvSNZ,65700
ipuOtOKX,jHmwRnhz@wDpHu.com,pYFGRnKljXGMSZk,0601211860,uvQMs,35407
LqwYcznI,QrWFZpku@NHFWK.com,dlXiCuZwTAbnXSv,3881977763,taGil,95275
ubclLySS,wjPgSeFG@hgVTc.com,KEbXSuAQLpAdtxQ,3443427928,wtVEH,18681
PXAmeApT,aAXhgxYd@LreWw.com,oKHdcosHyHWBlQu,9732570072,JgBGY,45645
ScYqhnnu,UlsamGEr@ciSgG.com,befrThqpCKMfsHX,9021539131,wgPKR,80770
BzeIpZNZ,NxfKYnXA@PmMaA.com,ihsRQnVhnwHNZXa,8859629526,HXmWQ,08908
KsMvvkYY,zHOUVjvv@tWMNk.com,FUCAYohsrwVKhtz,6108914017,ploTt,47157
lKndgODp,vtPREWmd@RJVEL.com,XxpMcCEKkJdqeEZ,8200267964,CWWQU,49918
PdZsCuKr,bDRIzqxy@duIfc.com,NmIAuEvGtavzUEW,8559755556,UQIKu,04997
FltGuRiF,INiDfJtI@LZZqJ.com,XxaOzSrXrUJANZz,0038858893,bMEyQ,96577
jJipznbs,PFzgFBCW@xOYfr.com,OyggocbkLgeBqto,6288682417,tadpy,03509
zApAHBDf,mZLxacfH@rBghW.com,WzbikvLTbMPlTaU,3494414980,GmDeL,59015
aoiaCyeq,KwQgmIhQ@FrTYK.com,WPDlVGIQXxoqYau,2598394265,iRhWq,88332
zoORqNhE,TJSnJYfG@olFgd.com,pvchakkOeIhbfjw,7159001333,JQgUu,86360
qCDFBAIy,GGbBZOdB@tOeFD.com,WZbxQHHfeXwyOXy,6776088745,WBxdJ,77302
VqhdWlcU,aClWUKvv@fgLMP.com,vLsOpnKDMAHpeKP,1383239484,rSnPT,39697
ePnjyKGb,vVXiaLZe@cPdbI.com,lwKAmfHWPRMMlFu,6265324620,vYqsH,18781
Rltrpmsc,odtPNtQg@VrLzh.com,lEPtJhFFtvXNDlc,8082184429,phEvA,83558
MOdfiPNF,JHocbqaa@DGcuS.com,sNQQBMZBEEriOjB,4082674241,TXwvL,85901
lmdLDNCo,AYKsMblj@crxIS.com,iiXMxCrSxvuDDNF,4904619252,slTfZ,50578
NRwJnANa,NZNIMERJ@DBUsv.com,FRgSazxRPtRxmLF,3195682554,uIdqh,67835
lVDyAiGA,YRFLYDcf@ZxLTH.com,boiqpbHFUQsSwmy,6655657611,ntVVl,05218
dUabVldk,YUGkWFBq@LgFON.com,HJhmAMrPOQxqAmG,1621973976,NarIp,87279
DAjqcXjG,DZpMqlpL@PVmKK.com,XIJiZnIBfrgzMGd,7720477688,bzDOP,34243
nylqBSzY,vvxVFARo@FLkJj.com,eoVpFwJqtStcchu,3421855834,Dksfi,86454
QHqhDnKy,BcacKDbq@tHmgC.com,KRAhgpwLLWrEocU,3317133755,FPmkR,55827
oiVgPhGu,HGCERqxW@Kunix.com,VyFXMIdOEjcFzVB,4701165191,zaXJb,81296
fMWsrzmJ,Zizinyyg@reZrC.com,wCqEhHKrkOLWlhC,8172468850,hODwg,70591
ApjPNIKF,jhTIfJTj@Isyyu.com,gGoYCxUfRnxqYDR,3502595738,VREuJ,27705
PPWvXSNW,RZAjQWCz@FAdnA.com,sBIPtezbIKCHdLo,2055073715,BsYsf,33344
gXdvOuXs,XgRsjaIR@meygU.com,PlpPAAFbIsJsnel,9377319020,DWDCN,80239
DszhLqHy,RrQetsNu@Yefdg.com,vWYZacvvJIwLZpB,4685523443,TDaKe,63503
LwpTdoxR,MIFEYOOa@yYQto.com,SHtqIUoQuMNkmWJ,6210860704,kTLwB,86993
WonmSfAT,SrLRbkCc@wutRy.com,awUXDzelycldCpH,8125945986,PadfN,95136
ZZoPftxy,UzAHzzTH@RFEYX.com,csbXALNvCahCzgD,7378896599,oNNna,76039
gctchnka,YmkVqZXp@xhDDy.com,KyWWGhUNCbBKglH,5290444070,Mnqbb,87570
VirfctCN,GpHfLmTR@jumXI.com,RIjkbDTUPhRhLMi,4074784736,CLPZK,82768
frsNnLEt,GgZmMfWX@YZncG.com,RaZeRGHReuXFROu,2888235559,pZFmF,67265
SsptouQX,pKUZGjyK@keFhO.com,PusBhjFDWralmEC,7074999011,mDAOo,85014
CzjcdqZR,KXOSNZMo@URHVE.com,zNBsQVItyafLfMK,7757973621,GUacN,59577
IrEgOoqj,nfzQJvRa@daWKn.com,QpWRkJvPHJbnGDt,6014154195,AZhzU,40020
LDuKkhWJ,OFOujoFH@tqpRl.com,yVumSbjBfuirPwa,9347043015,jIgCW,14950
PnOkMuEw,hhSUPrhU@DwHSH.com,gRfZmScWqgiyLzj,9644819767,pWIoz,25017
hQKBoStr,VBWsiwkC@qekUb.com,VveBrDYqfhGOmgF,3691081328,GJGgY,03778
UhqRgSTK,bFsvAJsA@fpPiC.com,JXqmEliSieOnLfV,9460684993,xwuov,19809
rlWDNlAI,fBPJvqXP@USXQR.com,TeJRpCeBcotSVfR,3999785256,bUikZ,78972
RHaoOvIx,WQFYnDkp@ghSIk.com,hHvHCTVHcqoCPMr,3704030194,UUKts,24550
YSZcJKzd,JIlMuwEA@mUdSK.com,epcmSlryVcmCWZO,1790236533,LPTuR,78039
CHuUFLfq,kvPUcsPD@hsWoC.com,IhQGTAKAStVUFQO,1591364282,ilRFq,65125
LZqZHodn,nSkydAlP@MTqpW.com,zrvqJWAtqEuCgsp,2615357498,GXWgT,50883
yuRNdlES,uXCqmXnH@QpkDI.com,mpmyVpxHxgwoPxR,2493662420,uglwf,96227
uvMpaYNK,KraCcruf@ZDwlS.com,uUxEEarmPvKOtTH,3210605459,PvYBI,95736
QGjTwyXx,kieWiUft@FoLKn.com,xXewdftqfwbWIzJ,0190220110,TuoVG,80230
rnpyZMiM,ukXxbqSf@hEFNv.com,oXAsHWHpOaUidNp,4104644806,yOwDA,38481
DdxrtsAY,OiPBIKLa@ExdqP.com,KswfKxTyVKwMwdX,5753897199,dkQEL,83070
WKOrldtH,QQIexwvl@dPKvW.com,iFiwahmArgqHVZC,1392768005,YwBUM,48767
ePqnSqwB,BikKfQls@JxYqA.com,GJnvzULePzoPrxB,0350351208,QSgUz,62853
yTtIpUCR,SbgYPXye@AVOMt.com,TQVIiWTeDYEDLDC,5319509023,cPMVo,79812
NlgpEdiW,JfMBIFuR@UVTDv.com,mqidLkvIuXpQXmr,4989016830,lPWNV,08721
RKDMWmNs,jmZvfeFx@ncqnb.com,wJhgiLGFIRJTyOv,9598349232,INBNH,84537
oCBTfjFL,DwdeYERk@gWXCW.com,sdYYhAEwXdmZaPh,1553208691,NxAFe,56244
rCdspMof,CYKcBnVS@JyfQM.com,kyWrKzWQvqmTwht,1846853859,rlbcc,20776
nWvVnaYX,SWIYHNmq@bvOdU.com,DiCYlLTMKQGHAAe,4139043849,TmxWC,26330
XfDrlwzE,XgUciPYA@cgPdK.com,JcGdTzLrJdKIbCt,0783799582,Towmq,49771
gqRDDaIe,rXzEiJbB@FhlHW.com,QkvpWRAPQxEsrqC,4722713467,EFoUl,36180
IzzljcVR,aeIwbuVm@jGvdc.com,mzDmGksEofJiGAk,3188789558,paPRJ,93746
ZEMuhocT,sFlnknGp@EQhgt.com,DMlxCHYYIybWYOp,5670125446,mzsom,77163
JXaDBlBX,zxZaCIOI@hSpFM.com,nBOQIkYWDRdAoSr,5923381055,XGlyG,79760
FLnaSceL,YEsptHKN@zjMFT.com,XjRFqxygJNiOZSm,7813105474,uIfCn,74522
iuyMcQNS,bcBcOiWL@LJiXe.com,HgUDGSBouNNzErU,9668569450,sFanY,02234
mSnLCbaL,RnpNFdtN@DHxVL.com,oaiCQraKIquGqRL,9222827081,wxIWN,23387
RWJwsVQJ,wugFVLXx@snpzr.com,PuQOkcLylWxDnqe,3753825637,pkSFJ,90779
jaeTUntN,onoOtJTm@xWVcF.com,SpdgKFePqIZRBrt,9402007294,qdUlK,44366
WGWhfNjD,PRSnfxWP@kKXdV.com,pTkLQsJEBzudtsW,2067928949,MFkTK,78153
KkFvTwPa,YNowfznG@bUDGN.com,bLnMdpVnZXOWPyY,4918430627,rSRjF,54975
fpUKFSQO,StlzYHLN@OSVJJ.com,CoXjSlnPkAiCTkC,6215776286,dYNqi,54256
hFPSvgxv,VDDcAbPA@zUhnQ.com,HFvzJHFgvslOpot,5158961355,kwErF,12929
PxxmxUyv,zXXhdUor@gEzdv.com,VLVWLadabbUAUQC,9618431890,WIpWz,27224
aWZBGttm,RVxemiPw@JpmVv.com,tZXYEDGcOGubkiD,0979977688,SudFs,35679
dUEJlWDw,IsiQKakd@Gzpzy.com,mqquWncJtSsWvzd,4275068427,wWvVe,77071
PgYnehDI,pTgNCWpe@oZyHz.com,tCPkErcJLDwwzrG,0210162403,dGYbl,66990
lcDGvCvR,IzsGVSCg@eaVTy.com,wwnolTOLTzCktFe,1927727208,mMSIH,47678
kbFzhncO,zLsRzsfW@ePbRe.com,bOkgtGJTVgCEhwv,7930261503,qqhkl,34787
sJinVkmi,JKCYVTZI@Pmcfo.com,wQlXfWfWYQwOSga,1658565739,Vahqz,63095
kugYoxEg,PahcsXGO@DAjry.com,gyJHdFLQePpVQzo,6289462617,QLvJL,52199
CDhacoCN,xksMUzPD@LtWWB.com,pQxHINjqUdYUWQB,9478060387,SQnab,26050
OjguOqiM,vGCEaevA@ebnwy.com,UvkHfsWlTQxffLe,4748424129,gIxZd,73190
VLtnNHtV,yISbOYei@VfoQx.com,NaNCHNINyKxOpCU,2589326016,eaRoN,28209
xmosKdHK,cpNwbuRz@VXvDU.com,frGHRIVLnlsDCAG,1660850871,XUjHB,53004
eYRuCapq,XhLBMLrQ@CsjOp.com,SvCeAtTRkIyfGlm,6241465981,LQvrJ,81469
OBFftQYx,qhQPDgmU@dAqlY.com,tRJMtHuNpaxgZpR,1971503522,eRBlP,54948
RVFIjCng,UfAqFzcy@DxCXH.com,dCKzgxzpfMujiTV,3900781245,VoHdO,95906
zBHbBIJm,UhPBiiYT@pHUjt.com,tSGbtGjyWxKJAsU,7976250464,hwHmu,34700
oiDLAvGm,GGwXKODl@Otpln.com,lAsLaGNnuLeQvml,3207308819,MKYHX,94543
DzwUfxYr,ANlLBZFZ@KfZyb.com,ttLqzfyabXzgxSM,3741082621,kHmYf,25617
IshaBOEl,jQaEljdQ@vXsoC.com,BCVuuPJxCrqTrBJ,1526230969,KCOLO,27444
ZzvHRpoY,SjvJTeRL@ehHsM.com,sKTrxUoroGlacIL,5134653713,CDAxX,37017
AHhtMwBb,BHnnJETF@ZwzEG.com,JfDMMbwDNltEowc,1198853775,QOQzH,01685
MwwDjlvX,RVwtYHln@dMOCr.com,pLiXZWzcwYoRujk,3819201041,xLbaX,16931
eGaSEouu,TFeXUbpU@xLAOE.com,gNdiDaiqnoTBNHu,6759440022,AQTJE,79106
NBzVvYmA,ZbQvodTP@BRBWi.com,DmOQvuCUgxYerFE,4984284052,qyEOf,09528
pdkEAJQx,eDBDnYeP@wiEmQ.com,BYoscHzsVPSdnJL,4843995499,aBOAo,14030
LXPwalys,KddaTHlT@eJBMD.com,BpVWapJnxkvHVjC,4028345538,jcTez,91796
ZHSzvLtZ,EymJZlsD@DYGXL.com,eCWfNruqWUGtiAM,6271293909,SpaMt,57958
lOcXdpqM,rbfrJiGA@jSVFW.com,OABwQqMNqTFoFSc,6888442037,GjCEF,36929
WsuXNYoO,NpZoSWqH@hshqB.com,NWqCiGcvRblOPPQ,1407823417,aPXEt,61784
NHTtpkqf,DJKMsOgn@XIVGp.com,OMpBvquyXPwpdCj,1416109361,HqYZR,52196
bDpiphlv,fAiRtbUo@guaMh.com,LCOkNPfHhoZOSji,7293849061,RgmCA,31964
CdYsVBkg,kFQTdnVO@BLvZu.com,UAOOdKKeyCXzAlX,9817861347,BYnSw,96590
MEjgKCiE,wVpvymLc@jNsUv.com,MmCIRaIWLjcvANU,8454464537,sIiiD,49174
iSZgxCec,avZjKceR@hDvOf.com,otbvHBhTgGqrPcy,8888441677,ZTMiQ,82339
SnDOjcFI,duqlqxgB@VxzwV.com,nOMQlvnFimjSvUz,8261818168,cSJth,06165
wdFMiplq,hWPTCDUC@Nuvay.com,UoZeWGXihfGKlRP,1688674352,LWteC,95472
lGEWsCtQ,cMHfAylm@BrCNZ.com,vBQyThZKqMYvDYS,3534722400,eFgHG,97205
iWrPFXHJ,TAYekwlh@DWGni.com,yoNnOcdTauQhhGH,8022665368,RWpdF,89681
qyHpAMZn,ZgRuNVno@rrrcL.com,uReyUoQvWcwnZNY,6536438370,RSofw,04725
vKIyvfFm,LopFagKe@DAYjg.com,ZwUtmgOEvztdvKG,6647894186,VQlrM,78524
xZlveWUe,xfBenlnp@CDPtI.com,cFHgxaHQWgIgqxb,2657661324,qFzwL,17545
lxmckCab,rCHYonZu@fQORg.com,pfEpCaFXEyaXxYF,5357826836,ysRia,45985
rWVHfFtO,LGTGKchP@hqCUX.com,XrUCJkXhoFaOFkK,9102616147,XcymQ,25494
cPEMYaFm,ZGDaWXGI@HbZvz.com,cRZiPJMAIaNFKiQ,9998604957,gMbvg,77079
ssGjQYom,jUouITYc@PaZxa.com,dZVtKovIxCYOHkI,4486272673,mGyFB,32553
WKKSyDuL,jwieDuPb@ZlFtq.com,JSCViZBeLuGvGJm,5356052657,qGuvK,70339
cDLPbZGj,MEEmRXVC@XEqBQ.com,wRCGWOmwCTBjXkm,9566393304,LdIjK,06183
mOFErSUz,TfsuJODK@DXzwW.com,BbUZBGkQGnOlbVr,6384557277,bfYLL,65707
cczLCswB,wlDjRbwl@WwImV.com,NibvnXZeskbwimi,1562207486,WwFLp,51349
lnQgeVys,iooZKHRu@yzUEc.com,ePwBkzoxqtfqtzX,2107303170,KavhJ,00750
UhzRRqte,CHolnFXZ@FssOm.com,ntmCgLUihNFGurs,5699829746,UDcal,56977
LUHBIirV,SBRuWQJY@WgUhF.com,gslzXiujOICxWFA,0086111141,fCnWn,06447
PydWlyZI,VbOpsyer@rvmZl.com,jYLPwkSLfTnpxdl,9299164132,OZUes,96374
TdfuhXQd,cOsFgFHB@qsYao.com,rILYwJnMCdGhrks,7636315871,FUdcC,79053
BrGYelIx,bMVnGqHq@vUyOp.com,EkqSVvwEjyzQCrp,8796070110,qfzon,34586
HppetDJV,ApWbcKxt@TjxJg.com,tkCHpFiukWZLkIU,3456997520,HQAyQ,02814
DGBTaIBY,gqJZCtwx@QocNO.com,FFBzEqjRTsgCJpQ,5724209458,vZfLb,32319
lceBWyWe,oBBaZuae@sjVoW.com,fkRHLXeZRUYODJS,0202123306,RbUtz,43350
rLRTvmGW,ZpMAaNmy@EuEqz.com,hjcDZghvpJydxAL,1588740256,cMuXU,74852
FsSUfJsg,BEksMrcC@cGaPD.com,nCBFiVqJubcJunt,2892596564,fxTpv,90308
QKihCpxf,ELfUjNpk@vXMVl.com,CeFASHgXrJZRAfa,1185259284,xBtBU,30014
xqYmDabf,QTcbPWQI@rgcBn.com,mXBAhdiXCmGILFt,9514787116,LnZsg,67071
gnMSDAHH,uHzcdqqo@CFUmu.com,pzuMAZpMUeXHvTZ,9231584370,qIKkJ,19941
PyBPSZWQ,sNnInnut@kaXaL.com,jcJMlemgNJYqVfY,1792001661,VdYpQ,81500
AWdtBUzW,jEJgbYea@ZhloT.com,NOGHwlhGKzsuKvn,5421967946,aMaVB,50841
clDzQJsv,NLJZiQwb@VNYou.com,TwdDHAwoHuppVpz,0049002665,gUJnt,75117
kKLECAIa,qGornRfQ@sHJav.com,AGsnWtnxAQGPUzq,7412407834,lrtqg,10132
DVJtVQEY,kLthLEfw@FUdWt.com,yhaFtvtJZaXsCNt,4664152945,rajcZ,52918
maQlPVZb,HuhtSRHr@qMFOX.com,QPpsspJwgpNehHq,1429438040,BuXJK,21304
siDCrQfa,oRkgFIMD@Itfvf.com,wOrUrYgqmgcuRqJ,2027365575,sbMyh,46770
nMrdaDpa,QdocegEZ@WAwPd.com,rLdUXVdzaiknaPU,1577283331,grpyo,03995
BkhWbsjg,PfhOpzAp@kpuLj.com,OGSbFBKJotByhKH,3873662696,JAaWR,91159
LYiPPkQt,DdQmJlNA@IJmyq.com,wXOnTHQqaqxBlMy,4826398104,jEVTI,25950
xoJxTdUI,ZeltXxAr@znyBf.com,eQYHlBkrIWWiKVi,2670450920,GJSnV,68289
yUpQTuIA,YdlQxjQe@AvPRN.com,jiPnkEyilkRvsdm,6881974111,QzZvb,32939
FAthUrVG,oxUnjbeI@aNIUk.com,HNXkqTeGBUGZNYI,2308593837,rYxYF,50732
FXnVOfeS,PpaTLovI@ADvGN.com,HIyeaNCXyfsHpFT,5252748498,QyeJV,68265
KuIhGbPQ,mSmFrWin@azGdy.com,iCNwpsravBjifXm,7282624581,cOboq,81342
szzLWuVk,PaPpsyQA@tiRwz.com,fMtSAiVgEQoWlvX,7759547631,VMonr,65219
aqgCZmiB,UzIBrwEf@EmRlz.com,BTYvVjewRHUHNKc,1441671402,clMsK,03057
zyHKhefQ,aqnIYYIh@RDcsk.com,FiauwveBMgUcRXH,3801695437,mMPAh,32372
CMXJqFzt,AoPPjfly@NAjVF.com,fnGYwKHRYaMpPOf,7374703236,oBDFc,62172
toVyIdYS,RryRYAQh@sYdlk.com,hksEMZaXUIZkYqJ,7180384550,tUBqj,23158
JJAflheb,MjMyYeTa@uLvEl.com,mNYoWScLgUlUqqI,6656263115,fKkXi,64484
RVXFwlUk,ruqCRgRq@YZuZd.com,BNVLWcLATndbbQG,3284043105,iFIDc,03373
jAQsFpdW,TEgxDPGg@vLIcA.com,nvBRXnFSVQmcZsR,8154475292,luYml,12803
sKiMuQhg,HnTjOtdy@PWzZV.com,qzKOIgCDbiyrUYj,1980631945,MJyKp,43385
HGhwmGCD,vcDWiVXO@FgMcp.com,RUYeLpFFPwWAlue,3951359348,CEZBc,41652
NJMmQGUi,lkxaLwBS@FJXWw.com,jlSbKMiEFLHXfGP,8708348014,ukPwV,58787
dVmarSDH,IkVHfKPc@lbPnF.com,PAvIdVNraWocmvb,1595449321,NKaaT,15794
PdmfCJyd,CvWZUocL@apIZw.com,akpHcQTGWkzZFQF,7482044332,GCqDP,12729
FFnQzFXF,uOoFZNMB@PdLVN.com,fWIOeuJyWbFKsTL,1267938855,ZpcFv,26181
tCuTgZtn,WpQhYcif@ZXyUt.com,EXGYTOkXnSzpLft,4231400951,TVWBG,54385
opHhIEmp,STFFDInm@mKyof.com,XpYQLVDdNcoTMAC,0968106280,ylSdR,81849
PsyuovTH,zRMUTlFd@hGgyY.com,pQMglBbRSQvMDby,5289012418,FJdgi,50988
XXUfrqzE,hcUQmZHM@ylKNH.com,WRmpAQvmbZOMqSu,0838416354,wMGFZ,71833
jMyVUhwR,NuNIpdAF@XWfRQ.com,gZRiAXlWzwFBNDE,2195502842,uoorG,13143
QxqnTVRJ,sGIyPrVX@FNTiZ.com,hGMOoJZhjsttncr,1025552402,WAiuB,54639
FMOwxkMj,yiWxFqEa@VfUJU.com,yfLfsmaJZICELWz,6363936837,YPCgc,95268
ZSyMGzZz,mEqjdBBd@FCcfy.com,wPKvhqCipMGHPGU,3728992319,LXDXy,36547
DiBMjDuZ,cFBnMMJY@YUDjw.com,ATIJLkPZNANCisP,2283866766,uDKOA,07055
JdcVRjht,CZlUfeMH@aIKLN.com,LkfiLeYYuCmqmrT,7113755064,PFZsN,76236
ZIssvAVV,qsgJyfrM@WNTFe.com,RMoHLJDUdPlvTvC,2925365986,QUklX,29039
vewQziFM,srRFvfzj@fmbEc.com,PAPAtpWMbUzpqxl,5723210696,xiNaO,43701
KnSzYQuh,WDqTNtVL@kQolo.com,olatywXFFFiVfSt,8713549934,bvZSl,21275
kdAeQzBk,HtvfUYEW@GbyaN.com,MmtkfeAJKYAZCTL,7085525458,aYiCl,69755
NOcjvOII,vwOZNivc@PZHag.com,dcIPSKKGGyPGqUM,9412825020,yqBAs,34949
OeeiyYBY,rmaQqubj@ZulEU.com,dwYdbrkcnHXgcdc,8148855549,QRjlg,43181
HKNqJrFl,AFJKkwvk@BRaZz.com,jeRUfKgtjruWZnS,9494939086,tdPnK,64412
ckoKTLoY,CfytPHtk@dzCOe.com,QWsiytxiDZDwUAA,9463604380,ApIAD,65786
YWMbabnq,BpnFPVNH@TIsZn.com,DkieFlIuZLcKmOK,3384584805,CCtcO,04203
ENebiHQo,jOdQDDOe@kYAmd.com,edLWpNlNjESgKCC,3430014615,gDRuJ,23340
LgUDfzKj,HNkPeBOj@kJouX.com,yJWZeYXAQUToHgx,1205808072,ROjDE,98964
AvJVDpkk,pJdauUsh@yyVqh.com,QUusIhhRlOuEbFF,1873096049,eYMjp,09933
QUaQBzvL,hjeyuIEa@aENtx.com,TKzEhtdQQfCftVh,5149406986,UwIGY,49530
LCSZOlLx,ormMLQiZ@tOzOp.com,ECJVirZExyfjvkK,8516075565,XtBMO,43400
ZPfGHtfE,bbiqssDs@iWCNZ.com,OeIjelDkiUlcYLG,5189313920,UbaLD,77825
UWfoEaqe,dfJMMOhf@vsXYq.com,oowlVBvqnMjNBcC,1133569670,nFCQA,98795
YfNfxACf,yRHTsauv@dSGsz.com,YShGtIKHPQXgoLD,2984316173,NrmDR,14466
JJjxYpyq,FOfkPEJs@WZPSp.com,xwokGFFAMMOXDqm,6520348326,AXsGW,96391
BOGGCyZA,vNOPuxOw@iiJUQ.com,AWPOjQHKyRJedvk,1569515753,yHxvy,30063
bRPQbpFP,eiKWnCqm@RyueE.com,LjHGxSvIuWkdCBo,8976220843,mkyAo,39487
MCPRIMdt,TfMknWuE@FMkBY.com,uLtnrkNIEoDPHZz,8013944551,NeYhy,83381
xCfvNfGi,ybZmffFN@xDfTi.com,dpEKibYUrnRdMtr,1978624878,fLPGG,64364
cItqmmUY,JnsODiMG@xGlPZ.com,xKnKXyBQrrzWrQy,2754387123,dwpVh,60770
ZlBBlQEx,DMQchJZo@evnBs.com,BdOyVqrGvfogCEK,7737909931,OtUrQ,32356
eVAmPAba,guFISakH@qzrEM.com,vDNarQpUtcvRIeL,3961111963,iOAJn,11488
jSjuVjoB,xTCMHsgl@Ijuum.com,XCWPNznwRTMebET,9386997325,ppaZK,80589
kRCayWwi,ZyeEeiPR@tAPWs.com,GhidYsUiaaOrjyU,9660151199,fcBeq,82349
jKaaENnw,QAEsTkYB@QelsI.com,XhUkLTyvfzSoaso,9028584160,iMYMB,62282
qSnCmbhk,EGPXKrAs@jCWym.com,hQuLYPayfAWNTWZ,9703111771,diKzh,23697
IkOgGyvR,MXiwLNpQ@lBQMX.com,FAZiqZikEIixRoz,0576444722,fLMYD,71816
ldOyozLC,IfsPztAk@vLWcA.com,AnCorbnlDWgeFso,7160760810,lDoAV,86799
kHUfEnNe,YEpZIfZS@KVVxu.com,PLhVnfXqleGMdUf,0481221652,yJTEa,67571
PvPqLcTK,xKZFhOUQ@mmqSi.com,gMFqTvrgwGdQsKa,4048888725,PVgUf,54058
HRxqOZWs,iAYBJwVI@jhUwG.com,mjtehCXaluVfzMf,7801664565,giqOF,68816
yiakuhML,LsgoaLJT@yOpZD.com,BotYblqrlURJQpD,1699542130,txhsT,55484
UbvEtLkj,VMCIzDyU@eTWoL.com,iNkhvJCzgLEcOQl,4560317555,BkxLP,91751
GTwHIOdt,EXOycrSV@USwsn.com,xTJJlIChWHDeUSU,8627781784,rFbPk,65704
nzntKwzW,ohBQBpeP@PufYl.com,mKqMDAGHCaakLlQ,4111733129,PqSei,71217
QrPXrPAK,tgHWPPxb@rqKjU.com,TvJLIINIMWsZJmV,4383736289,HsBMC,73326
lJhinhel,HnWoGifh@IIlLi.com,cDNLhgjssJIRRuN,5459171180,hKFMM,62263
oVyGjdFI,AoMNpfXR@JllwI.com,QOTEKDwOWOeVFiG,0490491857,uRfGG,14413
CXmzcegj,wPGtTSnu@EuRIM.com,VorvTTTOUroIdMg,7463402736,rXkeL,03473
NybiuurI,BcAONrAp@hpEKq.com,SuxNAFwWpzVEWdQ,0332223091,EtTWu,34163
IclaYSNl,qsOsyJgQ@UjvMa.com,NXuFcvoUeucZRED,0938016685,gGvhi,23718
igzFSvgF,ejrFjFjs@fqXXs.com,dFXXFtkmXzQYKnB,4539317872,IOveR,66704
YiwUgxrf,oHrNktBR@Ymonf.com,qRqXUNOIIyStzbp,5705863538,jahcq,60766
riBzJfej,GTNjHTYa@xELhI.com,ZPsyZznOpNFlJPQ,9903214812,jMLSm,62632
ZhRSVdtX,gOPronTX@tUDfW.com,UyujoKKYcpSstwk,3210881494,upbSV,59311
MoatAeHV,TIDxaLmR@LfzVi.com,vUbDhhlIrfXbSfj,2492952845,xotJP,12394
KJaXqmah,FbSVTGni@ADKIe.com,pvIYsmvwGXZdISs,4540795544,GQUcz,02696
hWvPklEp,AZLTFAhR@Dujmz.com,KkqOHCXpFSrAeLo,5348650332,Rgctd,18021
OEEzdjaD,rblLlsth@HhzPB.com,LIiSOOoFPJKZeQG,2733607898,sCakP,39042
TIbKpbDM,KSqFkDgi@eshea.com,RHELtaGFxqwcthd,3021379937,eCuUU,81798
OLvmUebE,CBosdsnt@OhxxE.com,MLjwRCcPtRLXqmA,1124606945,NPeuP,95548
pEueOglv,QntcjTVE@oAAoW.com,VlktXwfrhqKHuVe,8922795989,HKKZw,67250
JDvyRhPp,BqSZCLrQ@AyJDb.com,JTRBpGGASZmZXYp,3799467137,HHBkj,50296
XneyJAdl,PdMMiEXD@lcbmr.com,GXSDIyBCJNWzCUg,0479986325,QnRgV,00158
jGieYnGG,IBMUnujg@dxSSS.com,RLOpBcxINSbRKLV,2669042138,UqxmY,08828
bzSVbGZP,TkrGVRPz@crmEu.com,rFqkalWrZYfSbIF,7464524656,FIQjR,11575
kpbdstot,iQOGPdBy@qmvaX.com,XyiEUpssHoBKYUb,3086159743,tqUyf,88765
MOTTmNPO,ezsLYhMt@MlqEt.com,RGMMjOHnFWWONos,4977185666,XeSnr,39120
OJaXXbMs,jxwjbCYE@caBFI.com,OtTHOjjoILQRMjH,7562897578,Byfmb,53512
CSwNBTRg,ccqJwzsy@nICBr.com,zRANzJRvxuEaEYA,4171767334,zPnpA,40749
XENavgfz,bNbYwdZR@LNYaJ.com,UmUAYgTRJgjHvQM,6534412957,AIAtM,52190
UUsxtvaH,qmNSVhXd@AXhwH.com,OFuqmhHOXOtHCYt,8895116133,IWwHg,15078
WegFQZSe,opJwcrmk@ZtSxZ.com,qRvXQIsuzjHDYuh,8200103581,DhVMw,88124
ycKupDPe,swfKAbgZ@KJBnj.com,lbwnFLrZvmrBvLq,0458648322,ZHkTV,81135
ghjqRqOd,fSXRECCm@QOplu.com,vhoQkzLYdXwJhOY,8745205762,wMpbw,26762
OgAwPMym,NetzHEcf@cPpAV.com,ibrBkdtHCfgovZy,2438105792,zIJXk,91575
CaqMBTye,ffytfhZd@RZMZp.com,JXOhNMaxRysOPIU,0271435280,hLzna,60246
OBmJzWxu,qyHtratP@opCSc.com,FZVqurUEUHMEDyf,9678441149,iaOat,71547
lKjIcKTV,iNkfnAPt@oBzeT.com,eIspQUUMOKrDKIT,4845139240,kncOW,56033
YNenhKhd,HhkPUXfJ@MdHZF.com,baKIYhWcxTcPzOs,5535424264,rDEbt,79726
HtqNDrZp,YLCFbBJk@jcTQU.com,kESxEIdzvbwkJsh,9948805404,OrgzU,26876
SkInUUGn,uLVZONBV@FTKYn.com,BpAQWAvyvUCxXEp,6257977044,dFCHm,52937
DJhhyNmy,BWfdqvUb@FhRtg.com,hJZfCaLVOsJYqEk,7783911502,xyOIa,29944
aUUeddav,guILLZHN@qeaGA.com,WXPExeUQxHZJUcq,9797459679,fJKlS,22225
GeGKhnih,ZpaQXueP@Ofuke.com,DrWAEtKNClGJQGF,2320236799,iIlbZ,00311
RqDhERGW,TPYOwtgo@RgPYo.com,ctwKckoZdwsUKoh,9006630253,StmDT,89614
osPfiIBK,bNYvJMUo@VLpEE.com,UTBMoJflCaLbZrL,7041166866,GDsee,72425
fiZLrpsa,pqcasVPv@qsiwF.com,mSmMbMSQpaKNFaS,0231463766,rbtcr,31892
HcvqVxIW,UwJikUSp@PvVrX.com,kSqDqTdsvVnyTgi,0584062044,hKQba,23651
tYjbMDQm,FkdecghS@seBpH.com,CaDyJQqujsmDfAs,0722163012,kIzOj,78716
zJybRCyt,ECAafwuS@qKnZG.com,UfUXuqvVfvhiQsz,2928843668,iIdse,86899
iYKLVecZ,JgwiSvho@ljuVy.com,nddNEAAAjDoBduh,5919231120,GbsTp,87660
KymUpzJc,oCGNBqCN@aNuRe.com,JAfFqtYVjYeKXbt,4400006207,ipveJ,56451
CeLPPDyB,PFTlEiXf@SNSkU.com,GlbYWOFMpqGSCMl,7586935570,kxcEY,39261
wacVwhHl,jgfSGkKQ@fTuBN.com,AUQDnOVQjNCMGZj,4035203248,LlXcq,24954
CrJoVrjn,HUTWXSvl@rPdhz.com,xFhBAnLeWIcnJih,7275741420,cZsJh,64144
YtOqoOIV,gZZuNqtv@WaoCj.com,dxPXtnFJFaccEfE,2974760028,MBugz,85954
yCgFzGVF,xsdydWrC@qTpMK.com,xUrjgvbgTdYjNdg,1078682631,vbijB,17326
PfqGstlQ,INXnnNSi@dbsqS.com,YquxWkPeHZFPXfp,1028071970,OvJuX,24409
VXalJOfr,sVismulQ@RMfjH.com,wyFbOIWioDzuTaP,0207858667,vCdxH,56264
kGDRTPQy,YgHIopOp@eIeQK.com,XdkzaxxAEPNnyat,1404423718,moQas,95392
SFIwTdEC,uoVXhfol@OqEdc.com,YoqzHQzISIVWhHW,5532073292,aupRV,17217
ARjBDOff,vlwTJEZk@pCuwO.com,xVYQisMuCzJUXzu,3752407201,dSSlj,28343
yvhqCHXf,WFbaoCqu@cObXG.com,DxyANPUmxCnwisS,1224572641,aSmns,87449
RxONerNY,peyvAqqJ@bhOlb.com,fsiRZzgJLtGisJW,1344682193,rVXwI,93641
aaGKiOQJ,RlwsaMNi@MTQYA.com,NfLZRezfUQQJdiG,1706951776,hJHEE,39573
cSniByTi,doemyJJD@faRyi.com,ohUlRoGNOcpuUlr,9081041172,hjEYn,10951
DaJrcrQg,roOhiXja@mZzRX.com,ITIQXlVhERUYmLX,0998743875,nwJbT,15560
zEghpNXU,OLpKCVnB@iLKUM.com,aTkDRUZJtHdnPTa,6766592869,IkxVq,85161
EyMXIvkm,otUlNNjL@nlPpz.com,tSYbjZZqBXoSGTU,9617610205,thUzO,44608
ZiQyRicL,llhdAOgy@OtlDH.com,QfjxXspQXnqMCeB,1860666889,tkRbF,64913
FgmGdMzr,zuIthpPx@PLwqB.com,ZFCrcthZmMtxgvN,4937699381,DgTuf,47526
sCxMuQPl,xjfaCbhm@LjnAn.com,RjceGTDqitnIBub,2191640812,AAMjA,81322
uQXkkFCX,LCilsxDr@bDqIZ.com,xGXVIYXjoyxZHiy,2804396299,xdlCX,90135
WNzzQLRP,CxzOmhPp@pUdBl.com,NrqDdDTKJbaqmZF,4487277384,ebhAP,03767
rgqFEooy,TAzwFDLE@Wanpr.com,rVUjWQmEczHSZgD,2791266061,PjxDb,27668
oAPDyZad,ZHRQimDw@HkkjQ.com,ToyzFppuPBHKhxA,5074541302,jSbyv,74627
RzLypBBG,hqdQNHOf@sjZFp.com,NmhHkMzthcSPNNc,2673265590,HDfWA,48573
ylLxTZqn,NBubtVCc@AuMcA.com,FpVFrscKQRBkkLy,8520297607,taSlL,86962
xNePTDIj,miwwNhUz@fJGSQ.com,cjOQiISlisKCuNg,0162860102,vqAqg,67649
PIHPBOas,nbrWvhxP@XaecN.com,yrInCHYHtaIvxVY,8809263608,svKbt,43240
sWIPcbQC,ixIjaxFW@olyiM.com,LbHzcEyVOYlbOce,1351438013,XoptM,10558
PGScfkQY,zHFUbreD@uzERJ.com,VdfaFpjDVZXmXqw,6977204238,aCRPM,17284
iFVlXrZl,pQuNFhFT@GApjb.com,mZUmesQUDPFZASD,6271298845,AdiQS,18805
AolHWkMt,cpSODWTe@cBEIC.com,dqohNvvDqHBNJnA,3143066529,jcWpP,34081
XdmRduQD,hmFRSHVK@ADPtq.com,cWDDIDBKvuxKcjt,4269904066,DHCka,93265
ePKgyevg,uihrlsNW@vPVwE.com,GDUtrcQRVJKAGbn,0631963671,zZCEs,47333
YjwWTXMt,XxqMfYwt@FXeZc.com,ixqXWhlapqkHtDC,9663182311,Ekerh,08785
AOAgxJpq,dTnUXegY@xoHqO.com,QnxuUWqWRJLKbzP,4755718820,QswEj,87180
EOagQIet,lBysrQqe@iJKHI.com,UBgPAnfJZjaWiEy,7516715163,vISxq,77482
SYmaiWlA,mPddaofU@wZCcB.com,NRUtNvanHfXckgZ,6866562676,tWtdg,57380
EqnjaGUq,ZnxYgSIb@uTjJU.com,gnEQdGuNRWJOJHX,7382271662,ljvPQ,48828
AUxERLFr,InkiwoIX@hQSor.com,ZjvhUUnrmpmBJkK,8746809902,KEFsm,17562
eXNnBKFp,blsFruzH@TWjOw.com,rcFtUowvdhyhvJb,9744383183,PSQLQ,75435
WTZjMzGc,QUHVWQtn@esaJs.com,hkQbtNCKpumtMJf,2019161290,rbHRr,57547
KDQZxKNx,VROGnXqb@gJAOH.com,hQwXKOMxHRDDBvu,8556847106,aoeZY,02416
ClqZabgb,LOxEuxWe@haTcr.com,ZZtxUVUgJLphzML,7148667004,dtluN,30297
mzQNlqHI,lInPFLPa@MAsuo.com,zHntRZNJHoqYtDs,0700485518,jxMOx,66406
lCQkvfzr,CEikPQUP@AjMxn.com,uryFIFCdrLGfdaP,9385384963,mDSBj,26578
nlhwQTzt,GzIvqIsi@MGfgi.com,fqMzqwyIdGOnfZP,9722132151,rgYrP,83149
vThVOUqB,kjTDMKVZ@dvmYx.com,dCKKzBZmytbPmTJ,1589621980,qzkbJ,51458
ucaIKrjz,zJYCElCl@vwmZe.com,HUQHQpgQrEtVZxp,9570813246,pcNQu,71172
pwCMHqvs,ECTcJPAT@zYTKv.com,nPqRItDmcUxaRAc,8170667326,BYZvo,36504
OnXIzvSi,sDvZFBko@bxMgQ.com,DzLDRfGmeLyFndd,9305280894,uyLbZ,18357
PSYAUkrP,ZvlsjDav@ZGTnO.com,rOSSIDtAScdVuRY,8264034490,UkGTT,61228
XJiZfEem,bjcbzjbH@RKqAN.com,XrwelEgtjUxiomu,3388226050,hhlyt,81424
NkcGMjZn,vyjqnkIU@JCZwO.com,eFowHTXhnWdxbGJ,8052645610,vQRqb,03780
lEmsleRg,mhqpybtw@QsIHl.com,gIkRoiEZInjSpcP,1793264201,IXdwZ,16969
TsUjdaEm,jgsnOHoy@onTHy.com,aNMywVdjNKCOvtc,6502987875,apwYL,08745
BaaNRShN,uilONjPB@CUscA.com,KvdHumyoGcdWQgW,1598852787,ZtrYr,24300
ttgeSBPn,jentWRzq@iIpFi.com,ifAkxOOUWFxEUwY,6757470775,yYryi,74592
xPxLGzap,IDsGTXDs@LqiJr.com,QQPqhfsdNOLBEpQ,7731594110,fwMZK,98155
EazfYOOD,VSCMOhQL@eaxCG.com,EyUaXIfTwHWepAA,6766307302,ZFHmY,60474
pyDaSifZ,oyTlcUgz@bmOqZ.com,haaMgBFPxJkRGfa,3507961749,lkKYt,57397
UtdHmMvB,czTOpDCd@GdbzV.com,KicYPACLlXLEhtc,7230695010,PiqtF,13647
XZhLikUY,cOwXQEVt@crKao.com,GCsQXRUhqJkRpLU,4113905926,JmJvJ,45492
BtsTBzNM,uMYvbtTk@rCdGp.com,XwturciytyhwMhp,5376130716,mymbl,95615
DVJeYBvq,xJHnUgrb@inhxl.com,ycWgpwomlBepMTY,2943781066,rPtag,65594
WCGQViSl,nFEeVnGr@zigkr.com,qJWHrtphXAOGgQX,8127472367,ZFRNp,09702
vITPIssT,liATOiZk@HFPnl.com,lmgDZQGnrkbzACT,0052258350,EJuvC,63057
QpfUwuUz,GKqauVDD@RyQcX.com,FOdTJHLtedvRtYQ,9132852180,GIiOS,31553
YYPCHCSy,YoaWvvIL@SiMby.com,vtkTJbFAnqWepfs,1293321791,jNjpL,60442
inzEAgXT,qSIVhiXp@QrFJA.com,ipLWccgTzYWNvLd,8645697811,YBAeb,34941
spCGzlaU,oUGXAVFe@BklYK.com,jZSAiOTJSAosPYV,5847304686,rkkjA,13039
gVoqThHm,AHNbbELS@dOZho.com,OmutHmivciqbAJt,3825572491,rpmrA,19117
xWfxSTLJ,KXSdIkfe@Vbsgp.com,HUVfwFPuQBjXVqM,6751556172,vDuYX,15272
WPjUlbTC,RFEqsTue@clKIk.com,kdpKmCLFVZqzKzT,6918408283,OuPZh,34588
LDnDsrid,opgSPfqT@YgXwj.com,CJfoRwvSfTYVpKo,1085503532,tPJqk,50177
ERRkuasH,EGlzLGvx@igKjO.com,laVYIhqVAVJpUNO,0002484801,ZNSJm,91153
eTqqQKkX,GKBkukTH@ZDfNg.com,eiRcypsURJFRbLY,5729539935,yjFXe,72747
KCEWrBPk,YWNOBznq@DDfMO.com,sVPpkjTODpMmxab,2786751433,jjUGT,68696
IuXWiwgl,WbXpbmBZ@gLGmh.com,dawNXasxKFgWpWi,8394089971,IvitV,55681
NCLXTelR,HAEydKYc@CUUvK.com,qDfXOUwAzfYFWYT,9601180216,JToYZ,58017
bzrlPuMi,BERvLTrn@qpJpT.com,bhLsjDJBmHYtSuk,4951052554,JncUO,58771
jnBADPYU,BOPxTLmE@tbkIb.com,pEWpFWnKmnkcJqv,3962270935,eoDEg,75917
BAFdsLAd,ZocrHWsq@BkjDu.com,VAFoxRwTBpBCKCb,3316542343,BSMTT,40988
EjqkQcBV,FALmeSkk@NmKBC.com,MneyXqjnrWRAgOn,3958844929,PJSRf,87801
vRhgmOIE,cuaNDBtj@fhwrC.com,JfWwyrMrhClQuko,3817816282,uFwpd,36904
lRkBQVpq,yjAStssv@CdSId.com,eMlBHOyyRjaYcUw,3842510108,mvaRF,69835
VbQRyzOS,XuUXbzmi@UaIUa.com,cmvIdjKjmGZihZu,4114257111,teIDS,54836
ztgXHpXg,OZTGOWha@prqhY.com,pcaNzAdxWHdaNvz,1796019372,qfzhR,85224
PziKFPTB,CpDNFxOM@LUPNA.com,tGNGMcENekDhJIi,6341105630,yMkqc,48330
LXbSbphe,QRbMkxQo@JIZsO.com,wIpqTBSAoCouGpp,0868683839,ANiOY,56284
EyVzdCEQ,gpJGaqMm@FdgOs.com,RwILCagClRZBvLy,5275188193,HfkCE,43659
ogPDVLbB,VbWlImAV@npkpD.com,LrMMtOTUVRnQwuZ,0170545681,ZmPjk,86745
aCAuDDCx,yQOqmKqr@RyPXk.com,gkNDVAIUwnwSQGp,3571102068,VwObC,07492
wOdnLuuk,ESZZVwns@aBCqm.com,WpaWMXxBzezWjrF,8211795741,UUPne,92852
zGjfcOmu,QMWcKAYr@pxZdZ.com,hmNGWeUxOSWdQvx,6925669792,tykOY,88219
zQEqeSDC,FKypFRWz@qBWQi.com,EsShYSgPUbYDxVG,7009164038,fHZQO,57282
EgKEHhkP,WmMWWJrX@iZJhD.com,UlZynXqoZQJElsC,6477452121,YGgsc,78113
pwFnNAiP,BINbrbKU@FoIUX.com,USQekgrBkPPMofn,4859336866,aEffj,43293
CQVphIix,yaBcNpFF@PHvbV.com,uLUivecbAYfKikO,9178670736,atvTf,73838
vVGEeEpA,ygjHmNbB@eBwrg.com,qqVqrcuzTpLyFRl,4873363010,mVGmq,86203
juQofhlZ,JcOmanoZ@UOUPy.com,afxVnKETAKNusaM,4879902385,VHSPV,11881
sUwVAWsn,EpvNrDVm@uMUdR.com,ybtaHEyGABkpwnf,0702064704,Prpoi,49065
JHKVrdDH,UxwLDGHy@HRwwc.com,VoBsRByTgYkJpwJ,5141964367,NmUqA,95030
QIfqUbeh,YCMaVzqu@yyrJu.com,DhTWvPpbSzGZBgI,2735697518,QqPNH,48024
RVEQdNVV,xBQhvvuy@vLykb.com,UKKkeHzjNezeAMv,8426753268,fecAr,45077
ctSBWnlc,EdurjwgW@qixnD.com,itLhnyTWiGBVhWD,8602544412,bsCfJ,92830
tpJnEWUN,HAHXtTZO@vHeZm.com,mxJipAKBpSkKxXt,0627683728,iGCmy,42985
uNRRtSyf,IMzldnvM@OihGa.com,fHDJDIXHpgGbsip,4370313664,ubTjw,25493
NKOQlqMy,sqmzbPaF@oPsvp.com,YvECbQRAHEDRtbx,1499277528,CvDSa,17374
aiLLzCqy,GhReMnVM@UQhVd.com,CbAEbNOsLWopoJs,1001491327,GFGmQ,22399
ZFHlXDPr,LHPvgzSa@hqXrA.com,LWqOIURTMoXQhEz,1889415951,RQPHJ,81167
CoXwOONV,QCwQcMdS@WxRHI.com,unSyNngytYBQcGf,9447588532,wCALU,38078
pzaNCCaL,JJMUeCrf@klhOB.com,aAAejvmirlWyjgc,3872481247,PIexq,39711
NSfikReC,osmPePvk@GiRyW.com,kEwzXIhqMPEyROh,9756709773,verGn,49490
nTRtUzlK,QhAxwtIF@Opvas.com,TpgBBVJJRXNyLNl,5675169047,XPRJV,78569
VLaTZkmY,XRXiCetW@ICIpu.com,JtYUzyxhayrlJgZ,8739898604,mUkNa,33245
RebGOmHE,vaJDZRwq@UxGsC.com,TTgFuHZMhGVXAHJ,4769264270,SVrIj,48612
CIJkjiKO,VTxfYOnH@ZXDHg.com,GNlOhBgZUrHZZCp,4813788791,fiSUf,66874
RIQwVuFM,ZvHveazu@MsuQm.com,JBONfjyNXksgoAw,0133582503,vRBbB,33969
SHdepNZQ,GEGQRPtV@dUPnK.com,iPPZfmxxSqueRHA,6015868466,NgLow,75054
hYtGhYSN,exqgyWLm@kTtGE.com,jlbvrnvXSGQkeVK,5111773163,AGSFg,04856
WnrUitiQ,IxVQSEFT@ZpolL.com,RpwXscySQgjjsGu,5982276275,snCJU,53071
enKXEkke,mrZVgMyV@KxAKg.com,BHVKoBlnXPSzajH,1908844613,wQwsT,36285
ZpOkoNbB,fikYazfm@froYZ.com,uLdkeFeLwbhMIjF,1267301286,QQVdJ,03403
AoogiMGL,LaxCadsf@TzgtU.com,hvPZBzPigaimQfH,5418717676,aRQrt,98888
uxiFEUyT,AYOpSAVJ@wJrYO.com,wwWVrfiZfjAqfQA,7892379071,EYZja,15795
fQWkTcMm,rkvuLTFT@YGpGc.com,bEyAckvGlKqQiuR,4667499894,fRNNl,88391
xvMqWMoC,OEeOFscb@zRGOw.com,LiLQAlNilXohlMe,2389456381,NIbuw,71750
Ljazdiea,MAhKPEFQ@mFNGa.com,PnHSFdHeggKAepb,6141314536,OHiQA,77316
FjWGQvJN,vvTrEbfP@zgVAu.com,yygBiEAYQoGfbUr,1481893527,JHEju,83997
ISPFfmPS,iYTaBvHk@mxEOI.com,oRiImskWkMCGAWS,0113334488,ZhsHP,47416
vqLiimaj,qTSJJgkb@UtUuR.com,HMKVEXVIIpNvplf,6869171198,ETuNh,02868
eQnKrHbE,BvmHqEug@ekkYT.com,LmmdbBnPlxbaXFX,5446523431,tMSlq,07010
dXVHusUw,vocKcInc@lAJJy.com,McsECvaoHhYMmoO,7714916134,hUVzR,17158
MeSCYFEQ,EKxuVVWt@itekb.com,zgNOnerPXxoTALn,3084813085,vrmqR,42405
VRSaPXfT,csXcqOsi@Opcki.com,lpQqhrjrsMdCzcH,3927598687,BgDGc,33589
MEKOzvFN,LehynsYW@ORihZ.com,WjBVEkagRgeiYPH,6942251384,quykf,76550
dYEPkhYb,TVGxDjgY@Wpejt.com,heaAFauFgmklriJ,8361140092,dWHve,77957
pIPyrHFk,kWaZXnlm@BTfFB.com,igkwhNytAzWyGmb,1437367859,tZKeZ,46315
kUgWBmtK,ORQkGfZr@KeKBb.com,uecScdDnrKRBIRo,2600339871,mVjrt,81215
JzOTKinx,xNLNOBjS@jaFWf.com,GmLeAkIHwTbSuTb,4099166797,duzEC,95747
QtQvHcLn,hHPOzOjn@wtXdB.com,XDErZTPfAacZPmt,7926667793,rQVuM,63845
kllhhhOA,mrqCQFGt@mzbBP.com,LAPonhwlfatuMrx,2468465600,hzlja,72692
fjgczNXl,RSiRVEvH@Ljbym.com,TqoUufaqqzzoOyi,9901680016,zNHpH,40706
ndborbQR,cdYVfUOe@OYnMP.com,eEQXHyhfYYTVIFR,8435991009,qCbmd,07288
mHwFrqzx,UosfqnOc@YKpmQ.com,RNgIVPzLERIidIe,4286505667,VOFDR,98852
ivWvSEQb,nTeHEtwa@ntwIn.com,KOmoZGJEsNOqPws,1409052708,FjKqQ,19080
QKxWUCLH,qXvATynA@NKAjT.com,kHMNCmUrfuGGvWa,9173156020,HmDSz,39771
IACtFVnA,dIvlCAGN@tOtMo.com,AJqOeNhKNuasJVn,7527484107,tiobN,21867
tHnCzbDY,kKPUduix@pFClM.com,qURERpDoIQXQjIH,7236704154,pGUrb,57590
VFifkJTn,klgJOnlK@USeQa.com,xwEWGrnvbxGRQDK,2999201045,igPfw,85928
iYtIkxAQ,LHxLPDIp@UeDaO.com,kZvIYJoJRuzntna,0654636654,fganw,02843
mXgVtcZk,WTUloRcg@gisag.com,etlZmZyCUQCaBye,8896027928,JRXqK,67760
XigIKXyT,upyXrRFx@nhhyY.com,AaPyOIZfqsvkLMJ,5376365364,FAQhF,13051
PxlshhzN,kqExIpUE@eeEET.com,xDIysHaJwlrIule,3217742518,QzhpA,40245
nSeggJJk,YYELQMLr@impEI.com,NitkiPiFJLMXMzw,7923420793,NZBCC,12487
YfsggRVS,KiUYzvRI@pmQSH.com,dUdPezbRYhwNsXK,4813886725,eGdKz,94749
CrQqrKPd,JMWoNgLo@rKFrC.com,IhmZrAwYDqIIFWV,4048755727,lgWdr,86637
URgxyEQQ,uyaaJgdM@AWwec.com,wcGPxgkrOaCbZCZ,2013104359,gGBPP,89298
vCtJFYlD,GMOolpQJ@LAKOq.com,VNxGdkeyhZVNOWG,5963424806,VdDYN,62366
guDtAWMB,nMJyGlCV@BmURH.com,fnXLRmnpbpamqDI,4542675701,HHSkL,30785
ZMKGTLaW,sHdBzDAL@LvbUK.com,aoUorQLmWxUAaqr,8893337283,wOesm,84493
gjmLVcdN,EMlbkOUo@TAWbO.com,tcFkdIEObESmyFr,5957084533,DgVgM,58319
pQSPVDRV,CUJqvFQS@HvDnt.com,HHJneJCWRFoKMvv,7141144244,szDcl,09400
boBmtiKi,tZdHPNDw@LBhyF.com,LWMCZAVOidsrnoB,6940415873,LvqrL,43352
FDSPSoFp,hoRfatwE@pjXGg.com,GdZuZNnoOvtWEtN,9393130357,NOasH,37361
hOrFPced,qzKPoIUS@nSOlR.com,WVCECPhPankaIyo,1654135714,XaiVn,33325
pzDBkToh,UPiSCzRk@OymtL.com,CekEtDKykFVoQYQ,2973765793,CuFzo,58872
EJUYnjqw,iWGIKBMI@CiTXv.com,OiuLzQvgWCLFrQe,2119142058,bWcJC,59333
VxuXYoUE,AlLraceH@ljPad.com,bMBhYNJCZArCJPb,4554331956,EtuJX,14262
eqdEnUIm,FcnbQZJG@xDQxX.com,qHZNoENGGHbSDaX,0862306477,XWrwc,22952
miBRTGLX,BKwiEDeI@qqyoS.com,TzdYlzjNeZRkUFM,2344411456,tQcMX,40321
wPIEcjgj,qJAdySVe@pNlsS.com,FfJPZYJQJIpsHfk,2301642666,XzRBJ,79393
RKSzuupb,DpUHEKLC@AIAjg.com,WiBtMOrUMAzLZUh,5323461667,OnFUF,95660
fZwZcPTT,ynftoLEy@mAptY.com,JbBPetimvflHVtQ,0606592988,qbqyC,93266
ddSdmOhk,wDAhHtsF@Lirnm.com,XGmrSydMTodBHKT,0079881494,QaGlh,97649
zXLzVPYu,lukSXIbQ@fYodr.com,rCQgjdvpycsGTMB,9940263824,einzt,41147
jWkdMoAn,MRhZduhF@IRyHA.com,xQCwMMudYNKBfqc,3102947798,rLPoB,44539
gNTrXXHL,fYqfXfnW@iybHL.com,lTMRjfgLOEhUQmH,8193743103,XetBi,49817
TrzcpZqd,xhCvXMKk@KJZRp.com,pMwcvMthztBalEh,1002710367,gLyTz,63071
qarKfvGW,RxgzFnGp@uURRq.com,EoXXIkCKJdvWqlu,1261509629,ZfkNb,56790
aEDEZZHY,eHspdtHK@yVSKN.com,eMiiRmEUJUDtHve,2407698577,WHfAz,17076
OEUEeDBl,wCnFiiiO@iiZJW.com,EvNPdSifFuBlBZh,4380480873,AgjRe,30059
aDJDPkfU,lLUeDtsQ@YBvPQ.com,sMBOZRYnhLvsyda,0051335531,XFsYu,60338
koUQRRUW,BVURWUDn@uuWPc.com,bSQaqgrRdxvuaBd,0307295113,XakCG,42410
gSgFBqsD,PLvMFQfD@AJnfL.com,gFxESvXOqXWIuOX,1754154494,XKrNt,65209
CeHrfGNG,tjrRmUvM@LGQWp.com,narxujVOqTwPCyq,5388010869,VQhsw,55744
JZVMwbnv,duzAofvR@XIdKv.com,mQKaFzPBhcNsTXD,5337004516,zLJrz,61915
biycvbWO,gPAyiQjy@jIddu.com,ztdCEuRZUTsgViy,4340224133,kUZrK,71170
EqboyBlz,gZMinWwP@kqXqu.com,GSXNZHDylBLBfZH,3252054664,GYzvn,53507
iFXETGTe,eSValzlo@rQaBi.com,oGomHCGxPuqaYjR,8164306064,dpYxt,12418
pLGwKrRV,lHerqwXo@WBJve.com,eMOvQriBzGleWmo,8348917745,OEEuk,72918
mCmKQIiT,lSAvACJn@Dxjjo.com,POzVRjANRncqfkD,3125637010,tiIRn,32880
LlNDUYiU,USHTnxrI@XxFqK.com,ZkamNwjCVwujeYC,1595522379,YiMWk,39465
fiTjKORQ,lUGDLzHJ@IaxMM.com,VnZClBMhVNhZnjg,3244179971,eoEOR,86347
cDTzodEr,HJhbpTun@gplCh.com,EravXHciDNNjhAT,8574694751,DgRIK,25740
meiyHdAR,DFuHjxxh@KPMUq.com,kgBFsULYSQVOcZi,6186418392,iLJVe,11809
LPrELiCu,UNzAOpWm@YHmwV.com,mcDcePgivRXJoIJ,6370068703,xYyQQ,58230
STpZYkKa,lRrUiMIP@EdLBH.com,cNKNbpHECZezwaK,0446002139,RMOmu,96395
tUjaGpDM,GQtEVJwi@YILgx.com,MMBiMODqjIuNTBv,6649875138,xNKNw,06426
VfeYmJrV,TJeKDivE@ogmMT.com,dSTLPnyfKFpXrsW,6447951162,wIHlV,27141
RwGTeZVM,VfAidYqh@IoHZs.com,YssDOAVlxNqFHDe,2633071388,NBvBU,38735
TbavYNrh,ZoQlzDNK@WZtUa.com,xJqZfVkfGnJZjkR,1535432952,JfZNp,75062
IlOEivZJ,EDjOJqqE@DcffM.com,bENfmHcEmVcZVvr,6741862832,twwmI,48328
dWxzFtIt,mnRSmYWX@WmsDO.com,mcIKVwjQJDoiYJP,4853143180,aUTEK,77655
prpBaTQx,OsTNcCDK@Lziao.com,pcodcssIMYuyuSJ,7562143871,pYHxb,95315
KpywtJac,lmLblUiT@EYrEE.com,YQeLTlvaPFxwdMh,9346868943,dxQsC,71914
jxGKjmRE,rWNVloni@SufPT.com,aMMLQPMDOrmGUoz,8827865338,mUbRO,78536
vNLeFljo,sxbQOdii@fkFXx.com,aZXVgLHSskIVxcd,4694595428,wqWkr,83096
viWmdCxr,QrNFbRVm@abwPX.com,KcyBPhuoLGwQYBS,2647456563,CymYa,43577
UAxlninF,FlOytChQ@mfDkt.com,cTNEzSKckWWgbUi,3610633005,CxONt,25091
SzuYwUSD,UvgSGMuo@uIvxO.com,BkwwDowNVwTwFDF,8241198813,ednEG,59416
usShUTvb,RWXUUUFB@aUIHv.com,zWbnbbHQeKRegJx,9203398531,xiupO,42122
usaELpMh,MgUtcdrw@aaLRU.com,rVSSFPaSRYUafEp,2277295967,uVsXR,98211
JfpJsVsx,TsMWUBxg@RyQwf.com,AkIUBhheprdIpqX,5970352719,dkklF,17110
vbdCkRfW,PwfudMSS@PBgpR.com,LkMonyqcJTpUwaW,4055827703,dzeuU,30051
UuYJGXEb,DhdKAMZg@ElwYH.com,fbZmPrhRhseIiOu,1735589853,nEvvf,98953
ABqgYaHl,eghGfTjT@EyInD.com,RjBZCngmUIuWEAJ,6393566358,QcZDP,19980
aaiiSHOx,BtXWuugT@EVjop.com,iylcXuVOungUeBp,0140051289,mpBVx,93405
tdtZkuEB,HmabrNLN@BFFCN.com,dCullJwCvUqYMYk,4690324275,LmcRA,21199
hvJtThQW,mUIzRRaV@lhoBN.com,yYDbdmAxIuZgJJo,8786730031,JhZKv,09398
TeEqaobP,EyOZmzRA@ASsXz.com,zelWtPZOthGSRBc,2478600441,VKzvW,18675
EsBnMURb,vhAYPcHC@RSOWi.com,ExyQyCBGVumYwXa,0515656078,fkmDr,00681
